name,MAE_E7,MAE_E8,Delta_MAE_E8_minus_E7,RMSE_E7,RMSE_E8,Delta_RMSE_E8_minus_E7,Mean_Error_Difference,Fraction_pixels_E8_better,Fraction_pixels_E7_better,Fraction_pixels_equal
CT-0__patient102__19.png,0.008401412516832352,0.00848851352930069,8.710101246833801e-05,0.017315784469246864,0.017452389001846313,0.00013660453259944916,8.710093970876187e-05,0.1547811208677686,0.16922778925619836,0.6759910898760331
CT-0__patient102__25.png,0.008346878923475742,0.008400400169193745,5.352124571800232e-05,0.01711087115108967,0.017251260578632355,0.00014038942754268646,5.3520248911809176e-05,0.14906701962809918,0.16053557592975207,0.6903974044421488
CT-0__patient115__18.png,0.009808732196688652,0.00981060042977333,1.86823308467865e-06,0.018928078934550285,0.01893140748143196,3.3285468816757202e-06,1.867355422291439e-06,0.17132618801652894,0.1708338713842975,0.6578399405991735
CT-0__patient115__22.png,0.009976571425795555,0.010056614875793457,8.004344999790192e-05,0.019249528646469116,0.019370999187231064,0.00012147054076194763,8.004299161257222e-05,0.1643207644628099,0.17768595041322313,0.6579932851239669
CT-0__patient121__24.png,0.010540101677179337,0.01058438140898943,4.4279731810092926e-05,0.020024793222546577,0.020061839371919632,3.7046149373054504e-05,4.42784366896376e-05,0.1637396694214876,0.1740863894628099,0.6621739411157025
CT-0__patient121__26.png,0.011091255582869053,0.011146421544253826,5.5165961384773254e-05,0.020238783210515976,0.02032097615301609,8.219294250011444e-05,5.5166048696264625e-05,0.1722704674586777,0.1820441632231405,0.6456853693181818
CT-0__patient123__18.png,0.011199275963008404,0.011298025026917458,9.87490639090538e-05,0.020489901304244995,0.020614061504602432,0.00012416020035743713,9.874816896626726e-05,0.1716409478305785,0.1875968491735537,0.6407622029958677
CT-0__patient123__24.png,0.011304261162877083,0.011372084729373455,6.782356649637222e-05,0.020663684234023094,0.020753314718604088,8.963048458099365e-05,6.78260694257915e-05,0.17706450154958678,0.18785511363636365,0.6350803848140496
CT-0__patient124__22.png,0.010724146850407124,0.01080343034118414,7.928349077701569e-05,0.019986571744084358,0.02007707953453064,9.050779044628143e-05,7.928338163765147e-05,0.16630617252066116,0.18360989152892562,0.6500839359504132
CT-0__patient124__24.png,0.0105310482904315,0.010577196255326271,4.6147964894771576e-05,0.019779225811362267,0.019808059558272362,2.8833746910095215e-05,4.61457711935509e-05,0.1719637784090909,0.17979241993801653,0.6482438016528925
CT-0__patient125__24.png,0.010709491558372974,0.01073228009045124,2.2788532078266144e-05,0.020046913996338844,0.020080264657735825,3.3350661396980286e-05,2.2788035494158976e-05,0.1777989411157025,0.1840053589876033,0.6381956998966942
CT-0__patient125__26.png,0.01077788695693016,0.010827389545738697,4.950258880853653e-05,0.0198192298412323,0.019863944500684738,4.4714659452438354e-05,4.950068614562042e-05,0.17416709710743802,0.1841506327479339,0.6416822701446281
CT-0__patient131__20.png,0.010304846800863743,0.010331653989851475,2.6807188987731934e-05,0.019132129848003387,0.019227396696805954,9.526684880256653e-05,2.6807596441358328e-05,0.1703173424586777,0.17117284349173553,0.6585098140495868
CT-0__patient131__24.png,0.01003290992230177,0.010079213418066502,4.630349576473236e-05,0.01888379454612732,0.01899101585149765,0.00010722130537033081,4.6304030547617e-05,0.15935724431818182,0.16857405733471073,0.6720686983471075
CT-0__patient133__20.png,0.009954861365258694,0.010019299574196339,6.443820893764496e-05,0.018564006313681602,0.018742889165878296,0.00017888285219669342,6.443951861001551e-05,0.16972817665289255,0.18175361570247933,0.6485182076446281
CT-0__patient133__22.png,0.010287502780556679,0.01044432818889618,0.00015682540833950043,0.018995216116309166,0.019227823242545128,0.00023260712623596191,0.00015682603407185525,0.1620205965909091,0.1890415160123967,0.6489378873966942
CT-0__patient145__22.png,0.01011152844876051,0.010193216614425182,8.168816566467285e-05,0.01886671967804432,0.01898866519331932,0.00012194551527500153,8.168879867298529e-05,0.165208548553719,0.18000225981404958,0.6547891916322314
CT-0__patient145__26.png,0.009581769816577435,0.009671559557318687,8.97897407412529e-05,0.01828664168715477,0.018430015072226524,0.00014337338507175446,8.979120320873335e-05,0.1577995867768595,0.1745625645661157,0.6676378486570248
CT-0__patient152__18.png,0.009805629961192608,0.009896783158183098,9.115319699048996e-05,0.018759116530418396,0.018877672031521797,0.00011855550110340118,9.115215652855113e-05,0.15995448088842976,0.17858180526859505,0.6614637138429752
CT-0__patient152__22.png,0.010167359374463558,0.010209579020738602,4.221964627504349e-05,0.01952391490340233,0.019600210711359978,7.629580795764923e-05,4.222117786412127e-05,0.16525697314049587,0.17491767820247933,0.6598253486570248
CT-0__patient15__20.png,0.009685391560196877,0.00975964218378067,7.425062358379364e-05,0.01847255788743496,0.018551785498857498,7.922761142253876e-05,7.425103103742003e-05,0.16976853047520662,0.18413449121900827,0.6460969783057852
CT-0__patient15__24.png,0.009882034733891487,0.009952769614756107,7.073488086462021e-05,0.018421676009893417,0.01856866665184498,0.00014699064195156097,7.073786400724202e-05,0.17036576704545456,0.18048650568181818,0.6491477272727273
CT-0__patient166__20.png,0.009258178994059563,0.009289038367569447,3.085937350988388e-05,0.0182456336915493,0.018314532935619354,6.88992440700531e-05,3.0858816899126396e-05,0.16558787448347106,0.16900180785123967,0.6654103176652892
CT-0__patient166__22.png,0.009245171211659908,0.00929869245737791,5.352124571800232e-05,0.01826898194849491,0.018365759402513504,9.677745401859283e-05,5.3520248911809176e-05,0.16062435433884298,0.16986537964876033,0.6695102660123967
CT-0__patient178__26.png,0.008802956901490688,0.008914174512028694,0.00011121761053800583,0.01698843203485012,0.017124777659773827,0.00013634562492370605,0.00011121829447802156,0.16156056301652894,0.1805672133264463,0.6578722236570248
CT-0__patient178__28.png,0.008385364897549152,0.008505096659064293,0.00011973176151514053,0.016480155289173126,0.016694096848368645,0.0002139415591955185,0.00011973216169280931,0.15301362345041322,0.17323895919421486,0.6737474173553719
CT-0__patient180__20.png,0.010040441527962685,0.010079434141516685,3.8992613554000854e-05,0.018944645300507545,0.018991079181432724,4.643388092517853e-05,3.899287185049616e-05,0.16735537190082644,0.17189114152892562,0.6607534865702479
CT-0__patient180__22.png,0.00954322051256895,0.009552429430186749,9.208917617797852e-06,0.01838570460677147,0.018405862152576447,2.0157545804977417e-05,9.210162716044579e-06,0.1673150180785124,0.17046261621900827,0.6622223657024794
CT-0__patient183__22.png,0.009699095040559769,0.009733530692756176,3.443565219640732e-05,0.01912015490233898,0.0191804226487875,6.0267746448516846e-05,3.4435255656717345e-05,0.1577834452479339,0.1666693569214876,0.6755471978305785
CT-0__patient183__26.png,0.009670676663517952,0.009721471928060055,5.0795264542102814e-05,0.018774302676320076,0.01886499859392643,9.069591760635376e-05,5.0798338634194806e-05,0.15932496126033058,0.16835614669421486,0.6723188920454546
CT-0__patient199__18.png,0.009250202216207981,0.009295620955526829,4.5418739318847656e-05,0.018112709745764732,0.018192710354924202,8.00006091594696e-05,4.5417826186167076e-05,0.16197217200413222,0.17201220299586778,0.666015625
CT-0__patient199__22.png,0.00918886624276638,0.009241435676813126,5.25694340467453e-05,0.017748305574059486,0.017819156870245934,7.085129618644714e-05,5.257074371911585e-05,0.16164934142561985,0.17527279183884298,0.6630778667355371
CT-0__patient205__22.png,0.00963402446359396,0.009751318022608757,0.00011729355901479721,0.018992096185684204,0.019105957821011543,0.00011386163532733917,0.00011729510151781142,0.1598334194214876,0.1820522339876033,0.6581143465909091
CT-0__patient205__26.png,0.008979184553027153,0.009078849107027054,9.966455399990082e-05,0.017642978578805923,0.017766043543815613,0.00012306496500968933,9.966601646738127e-05,0.15855823863636365,0.1774761105371901,0.6639656508264463
CT-0__patient206__25.png,0.008670657873153687,0.008693573996424675,2.2916123270988464e-05,0.01748467981815338,0.017469992861151695,-1.4686957001686096e-05,2.2914631699677557e-05,0.15382877066115702,0.16553944989669422,0.6806317794421488
CT-0__patient206__27.png,0.009067393839359283,0.0091522466391325,8.485279977321625e-05,0.017812255769968033,0.017886530607938766,7.427483797073364e-05,8.485378930345178e-05,0.15189178719008264,0.16540224690082644,0.6827059659090909
CT-0__patient211__20.png,0.00962117314338684,0.009671656414866447,5.048327147960663e-05,0.018019283190369606,0.01810956373810768,9.028054773807526e-05,5.0481838115956634e-05,0.16613668646694216,0.17272243026859505,0.6611408832644629
CT-0__patient211__24.png,0.009559867903590202,0.009632694534957409,7.282663136720657e-05,0.018246859312057495,0.018385836854577065,0.0001389775425195694,7.282676961040124e-05,0.15760588842975207,0.17305333161157024,0.6693407799586777
CT-0__patient215__23.png,0.007790313567966223,0.00788023043423891,8.991686627268791e-05,0.016667736694216728,0.016777632758021355,0.00010989606380462646,8.991780487122014e-05,0.1482760847107438,0.16697604597107438,0.6847478693181818
CT-0__patient215__29.png,0.00822278019040823,0.008327700197696686,0.00010492000728845596,0.017077190801501274,0.017241699621081352,0.00016450881958007812,0.00010491992725292221,0.14594363378099173,0.16481308109504134,0.6892432851239669
CT-0__patient222__18.png,0.008570929057896137,0.008684205822646618,0.00011327676475048065,0.017492979764938354,0.017627734690904617,0.00013475492596626282,0.00011327554966555908,0.1528360666322314,0.17478047520661158,0.6723834581611571
CT-0__patient222__22.png,0.00887293554842472,0.008929651230573654,5.671568214893341e-05,0.018123937770724297,0.0181809701025486,5.703233182430267e-05,5.671689723385498e-05,0.15766238378099173,0.1704868285123967,0.6718507877066116
CT-0__patient223__20.png,0.0085771968588233,0.008668222464621067,9.102560579776764e-05,0.01717374473810196,0.017288265749812126,0.00011452101171016693,9.102555486606434e-05,0.15545099431818182,0.17282735020661158,0.6717216554752066
CT-0__patient223__26.png,0.00851595401763916,0.008615207858383656,9.925384074449539e-05,0.016941066831350327,0.01710481196641922,0.00016374513506889343,9.925456834025681e-05,0.15159316890495866,0.1691067277892562,0.6793001033057852
CT-0__patient228__20.png,0.00951315276324749,0.009581801481544971,6.864871829748154e-05,0.017911018803715706,0.018024682998657227,0.00011366419494152069,6.864897295599803e-05,0.1677104855371901,0.17758910123966942,0.6547004132231405
CT-0__patient228__24.png,0.009124109521508217,0.009178959764540195,5.485024303197861e-05,0.01756807044148445,0.01766129583120346,9.32253897190094e-05,5.484954817802645e-05,0.1645548166322314,0.1758700284090909,0.6595751549586777
CT-0__patient236__22.png,0.008295195177197456,0.008385744877159595,9.054969996213913e-05,0.016597814857959747,0.016735738143324852,0.00013792328536510468,9.055079863173887e-05,0.14643595041322313,0.16393336776859505,0.6896306818181818
CT-0__patient236__28.png,0.008731205947697163,0.008831282146275043,0.00010007619857788086,0.017729707062244415,0.017910603433847427,0.00018089637160301208,0.00010007747187046334,0.150560111053719,0.1665805785123967,0.6828593104338843
CT-0__patient240__18.png,0.00902286171913147,0.00907378550618887,5.092378705739975e-05,0.01781403459608555,0.0179014690220356,8.743442595005035e-05,5.092493665870279e-05,0.15849367252066116,0.16817858987603307,0.6733277376033058
CT-0__patient240__20.png,0.00868898443877697,0.008761969394981861,7.29849562048912e-05,0.017113985493779182,0.0172001663595438,8.618086576461792e-05,7.298502896446735e-05,0.1548618285123967,0.17125355113636365,0.6738846203512396
CT-0__patient242__16.png,0.011131513863801956,0.011183293536305428,5.1779672503471375e-05,0.02025740034878254,0.02036585845053196,0.00010845810174942017,5.177949424250983e-05,0.1682915805785124,0.17709678460743802,0.6546116348140496
CT-0__patient242__18.png,0.011153891682624817,0.011218679137527943,6.478745490312576e-05,0.02018352970480919,0.020274333655834198,9.080395102500916e-05,6.478766590589657e-05,0.16880003873966942,0.17987312758264462,0.651326833677686
CT-0__patient243__18.png,0.010874452069401741,0.010954243130981922,7.979106158018112e-05,0.019932568073272705,0.0200154148042202,8.284673094749451e-05,7.978978101164103e-05,0.1821329416322314,0.19808884297520662,0.619778215392562
CT-0__patient243__24.png,0.010759372264146805,0.010789851658046246,3.0479393899440765e-05,0.019694555550813675,0.0197452325373888,5.067698657512665e-05,3.0478997359750792e-05,0.17625742510330578,0.18460259555785125,0.6391399793388429
CT-0__patient244__18.png,0.008628027513623238,0.008746334351599216,0.00011830683797597885,0.01726100593805313,0.01741657219827175,0.0001555662602186203,0.00011830790026579052,0.15588681559917356,0.17853338068181818,0.6655798037190083
CT-0__patient244__24.png,0.00857868418097496,0.008682940155267715,0.00010425597429275513,0.016893090680241585,0.01705908589065075,0.00016599521040916443,0.00010425527580082417,0.15311854338842976,0.1750468104338843,0.671834646177686
CT-0__patient246__21.png,0.009201747365295887,0.0092629911378026,6.124377250671387e-05,0.017660636454820633,0.017780683934688568,0.00012004747986793518,6.124285573605448e-05,0.1560159478305785,0.16746029183884298,0.6765237603305785
CT-0__patient246__25.png,0.00862951297312975,0.00867015402764082,4.064105451107025e-05,0.016880029812455177,0.016918163746595383,3.813393414020538e-05,4.06386679969728e-05,0.15670196280991736,0.16812209452479338,0.6751759426652892
CT-0__patient252__17.png,0.009206020273268223,0.009281948208808899,7.592793554067612e-05,0.017648139968514442,0.017741894349455833,9.375438094139099e-05,7.592847396153957e-05,0.1603903021694215,0.17501452737603307,0.6645951704545454
CT-0__patient252__19.png,0.009688620455563068,0.009738088585436344,4.946812987327576e-05,0.01842454820871353,0.018513280898332596,8.873268961906433e-05,4.946904300595634e-05,0.16556366219008264,0.17632199121900827,0.6581143465909091
CT-0__patient28__16.png,0.010683921165764332,0.010775546543300152,9.162537753582001e-05,0.0197154488414526,0.01984177529811859,0.00012632645666599274,9.16269127628766e-05,0.1631827866735537,0.176927298553719,0.6598899147727273
CT-0__patient28__20.png,0.010587765835225582,0.010651540011167526,6.377417594194412e-05,0.019605141133069992,0.019724667072296143,0.00011952593922615051,6.377485260600224e-05,0.16775891012396693,0.1791306172520661,0.6531104726239669
CT-0__patient31__15.png,0.010236925445497036,0.010329406708478928,9.248126298189163e-05,0.019346382468938828,0.019456973299384117,0.00011059083044528961,9.248146670870483e-05,0.16018853305785125,0.1802443827479339,0.6595670841942148
CT-0__patient31__19.png,0.009359080344438553,0.009480583481490612,0.00012150313705205917,0.01802082359790802,0.0181746706366539,0.00015384703874588013,0.00012150457041570917,0.15679074121900827,0.18030087809917356,0.6629083806818182
CT-0__patient32__22.png,0.00952543318271637,0.009599493816494942,7.406063377857208e-05,0.01824384368956089,0.018366575241088867,0.000122731551527977,7.406112854368985e-05,0.1591151213842975,0.17159252324380164,0.6692923553719008
CT-0__patient32__26.png,0.009348127990961075,0.00939883291721344,5.070492625236511e-05,0.018357086926698685,0.0184563510119915,9.926408529281616e-05,5.0703383749350905e-05,0.14730759297520662,0.15858245092975207,0.6941099560950413
CT-0__patient33__24.png,0.009915962815284729,0.009977838024497032,6.187520921230316e-05,0.018962932750582695,0.01905972510576248,9.679235517978668e-05,6.187585677253082e-05,0.15913933367768596,0.17143917871900827,0.6694214876033058
CT-0__patient33__26.png,0.009740620851516724,0.009744038805365562,3.417953848838806e-06,0.019006721675395966,0.019036367535591125,2.9645860195159912e-05,3.418207597860601e-06,0.16200445506198347,0.1630940082644628,0.6749015366735537
CT-0__patient35__19.png,0.009660925716161728,0.009712610393762589,5.1684677600860596e-05,0.018869780004024506,0.01893226057291031,6.248056888580322e-05,5.168454299564473e-05,0.16460324121900827,0.1776375258264463,0.6577592329545454
CT-0__patient35__21.png,0.009745970368385315,0.009825444780290127,7.947441190481186e-05,0.018924562260508537,0.019001273438334465,7.671117782592773e-05,7.947326957946643e-05,0.16294873450413222,0.1774922520661157,0.6595590134297521
CT-0__patient41__17.png,0.009111862629652023,0.009187505580484867,7.564295083284378e-05,0.01797364093363285,0.01810581050813198,0.00013216957449913025,7.564363477285951e-05,0.15628228305785125,0.16860634039256198,0.6751113765495868
CT-0__patient41__21.png,0.008925157599151134,0.009010011330246925,8.485373109579086e-05,0.01776023954153061,0.01787041686475277,0.00011017732322216034,8.485381113132462e-05,0.15336066632231404,0.1705675361570248,0.6760717975206612
CT-0__patient51__18.png,0.009673332795500755,0.009741570800542831,6.823800504207611e-05,0.018407532945275307,0.018453987315297127,4.645437002182007e-05,6.823751027695835e-05,0.16963132747933884,0.1836744576446281,0.6466942148760331
CT-0__patient51__24.png,0.010439961217343807,0.010540734976530075,0.00010077375918626785,0.019145775586366653,0.019251897931098938,0.00010612234473228455,0.00010077376646222547,0.17093879132231404,0.18882360537190082,0.6402376033057852
CT-0__patient52__17.png,0.010094658471643925,0.01015058346092701,5.592498928308487e-05,0.019006187096238136,0.019099140539765358,9.295344352722168e-05,5.5925644119270146e-05,0.1670809659090909,0.17971978305785125,0.6531992510330579
CT-0__patient52__21.png,0.010311619378626347,0.010343490168452263,3.187078982591629e-05,0.0192257147282362,0.01924445852637291,1.874379813671112e-05,3.1871597457211465e-05,0.17498224431818182,0.18102724690082644,0.6439905087809917
CT-0__patient54__18.png,0.009846585802733898,0.009909156709909439,6.257090717554092e-05,0.0186866857111454,0.01876336708664894,7.668137550354004e-05,6.257215864025056e-05,0.16127001549586778,0.1747320506198347,0.6639979338842975
CT-0__patient54__22.png,0.009779740124940872,0.009879026561975479,9.928643703460693e-05,0.018408160656690598,0.018501300364732742,9.313970804214478e-05,9.928621875587851e-05,0.1604871513429752,0.1796794292355372,0.6598334194214877
CT-0__patient58__17.png,0.008612549863755703,0.008687465451657772,7.491558790206909e-05,0.01739392802119255,0.01750458963215351,0.00011066161096096039,7.491567521356046e-05,0.15174651342975207,0.16729887654958678,0.6809546100206612
CT-0__patient58__25.png,0.00890518631786108,0.008948166854679585,4.2980536818504333e-05,0.018329137936234474,0.018384210765361786,5.5072829127311707e-05,4.2980773287126794e-05,0.14245706353305784,0.15232760847107438,0.7052153279958677
CT-0__patient76__18.png,0.009165729396045208,0.009267516434192657,0.0001017870381474495,0.01744547113776207,0.017587097361683846,0.00014162622392177582,0.00010178656521020457,0.1647081611570248,0.18641851756198347,0.6488733212809917
CT-0__patient76__20.png,0.009127811528742313,0.009205861948430538,7.805041968822479e-05,0.017506947740912437,0.017625100910663605,0.0001181531697511673,7.804902998032048e-05,0.17055946539256198,0.18297230113636365,0.6464682334710744
CT-0__patient77__14.png,0.010477625764906406,0.01054681371897459,6.91879540681839e-05,0.020143508911132812,0.020236250013113022,9.274110198020935e-05,6.91870300215669e-05,0.15620157541322313,0.16891302944214875,0.6748853951446281
CT-0__patient77__16.png,0.010612769983708858,0.010647903196513653,3.513321280479431e-05,0.02051439881324768,0.02053460292518139,2.020411193370819e-05,3.5131557524437085e-05,0.15671810433884298,0.1653618930785124,0.6779200025826446
CT-0__patient81__15.png,0.01052991021424532,0.010628595016896725,9.868480265140533e-05,0.018679989501833916,0.018827905878424644,0.00014791637659072876,9.868488268693909e-05,0.16867897727272727,0.18328706095041322,0.6480339617768595
CT-0__patient81__21.png,0.011413770727813244,0.011470199562609196,5.642883479595184e-05,0.019700447097420692,0.019824616611003876,0.0001241695135831833,5.64320434932597e-05,0.1830207257231405,0.18765334452479338,0.6293259297520661
CT-0__patient82__22.png,0.010328077711164951,0.010382231324911118,5.415361374616623e-05,0.019048362970352173,0.01917317882180214,0.00012481585144996643,5.41532390343491e-05,0.1589214230371901,0.1689453125,0.67213326446281
CT-0__patient82__24.png,0.009663048200309277,0.009708305820822716,4.525762051343918e-05,0.018367253243923187,0.01849709264934063,0.00012983940541744232,4.5259577746037394e-05,0.15223883006198347,0.1591151213842975,0.688646048553719
CT-0__patient84__18.png,0.011041280813515186,0.011090528219938278,4.924740642309189e-05,0.020629381760954857,0.020714398473501205,8.501671254634857e-05,4.924748282064684e-05,0.1641512784090909,0.16969589359504134,0.6661528279958677
CT-0__patient84__24.png,0.01045901421457529,0.010446163825690746,-1.2850388884544373e-05,0.019916296005249023,0.019960612058639526,4.431605339050293e-05,-1.2849923223257065e-05,0.1631747159090909,0.1625936208677686,0.6742316632231405
CT-0__patient91__20.png,0.009749388322234154,0.009801200591027737,5.1812268793582916e-05,0.018357809633016586,0.01842183619737625,6.402656435966492e-05,5.1811144658131525e-05,0.16248063016528927,0.17467555526859505,0.6628438145661157
CT-0__patient91__24.png,0.009332524612545967,0.009404023177921772,7.14985653758049e-05,0.01804257743060589,0.01819850504398346,0.0001559276133775711,7.149747398216277e-05,0.15415160123966942,0.16808174070247933,0.6777666580578512
CT-1__patient268__19.png,0.009654724039137363,0.009694823995232582,4.009995609521866e-05,0.018193194642663002,0.0183048564940691,0.00011166185140609741,4.0100610931403935e-05,0.1717781508264463,0.17711292613636365,0.65110892303719
CT-1__patient268__23.png,0.010360361076891422,0.010453918017446995,9.355694055557251e-05,0.019362403079867363,0.019518917426466942,0.00015651434659957886,9.355756628792733e-05,0.16770241477272727,0.18184239411157024,0.6504551911157025
CT-1__patient272__18.png,0.009820443578064442,0.009862695820629597,4.225224256515503e-05,0.0188114196062088,0.018862804397940636,5.138479173183441e-05,4.225281736580655e-05,0.1643126936983471,0.1726094395661157,0.6630778667355371
CT-1__patient272__22.png,0.009605854749679565,0.009652950800955296,4.709605127573013e-05,0.01860782504081726,0.01872289553284645,0.00011507049202919006,4.709529093815945e-05,0.16409478305785125,0.17058367768595042,0.6653215392561983
CT-1__patient274__16.png,0.010039841756224632,0.010115263983607292,7.542222738265991e-05,0.018977340310811996,0.01909969002008438,0.00012234970927238464,7.542208186350763e-05,0.16980081353305784,0.18150342200413222,0.64869576446281
CT-1__patient274__24.png,0.010501709766685963,0.010541841387748718,4.0131621062755585e-05,0.019464567303657532,0.01951277256011963,4.820525646209717e-05,4.013226862298325e-05,0.17405410640495866,0.17973592458677687,0.6462099690082644
CT-1__patient281__22.png,0.01168747991323471,0.011716438457369804,2.895854413509369e-05,0.020506462082266808,0.020545173436403275,3.871135413646698e-05,2.8959799237782136e-05,0.1434820506198347,0.14842135847107438,0.7080965909090909
CT-1__patient281__28.png,0.011704443953931332,0.011759673245251179,5.522929131984711e-05,0.020546311512589455,0.02062397450208664,7.766298949718475e-05,5.522935316548683e-05,0.15529764979338842,0.1653699638429752,0.6793323863636364
CT-1__patient290__19.png,0.009222541935741901,0.00933290459215641,0.00011036265641450882,0.018050264567136765,0.018205171450972557,0.00015490688383579254,0.00011036374780815095,0.1472995222107438,0.1652973269628099,0.6874031508264463
CT-1__patient290__23.png,0.009374239481985569,0.009492612443864346,0.00011837296187877655,0.01836867444217205,0.018557704985141754,0.00018903054296970367,0.00011837120109703392,0.1458387138429752,0.16808174070247933,0.6860795454545454
CT-1__patient291__20.png,0.010132606141269207,0.010203312151134014,7.070600986480713e-05,0.018900049850344658,0.019015396013855934,0.00011534616351127625,7.070622086757794e-05,0.17348915289256198,0.1859423424586777,0.6405685046487604
CT-1__patient291__22.png,0.009864783845841885,0.009998348541557789,0.00013356469571590424,0.018593454733490944,0.01874389685690403,0.00015044212341308594,0.00013356325507629663,0.1669195506198347,0.19430365444214875,0.6387767949380165
CT-1__patient296__14.png,0.010219519026577473,0.010191191919147968,-2.8327107429504395e-05,0.020036228001117706,0.02001907117664814,-1.7156824469566345e-05,-2.8326789106358774e-05,0.1595912964876033,0.1587680785123967,0.681640625
CT-1__patient296__20.png,0.009513628669083118,0.009544042870402336,3.0414201319217682e-05,0.01921911910176277,0.019266685470938683,4.756636917591095e-05,3.0415716537390836e-05,0.14652472882231404,0.1556689049586777,0.6978063662190083
CT-1__patient297__18.png,0.010279400274157524,0.010323995724320412,4.459545016288757e-05,0.019590729847550392,0.01967114768922329,8.041784167289734e-05,4.459492629393935e-05,0.16793646694214875,0.1741509555785124,0.6579125774793388
CT-1__patient297__22.png,0.010763360187411308,0.010816090740263462,5.273055285215378e-05,0.020060833543539047,0.020123621448874474,6.278790533542633e-05,5.2728981245309114e-05,0.17023663481404958,0.18011525051652894,0.6496481146694215
CT-1__patient299__20.png,0.010899139568209648,0.010959179140627384,6.0039572417736053e-05,0.0193538386374712,0.01943310536444187,7.926672697067261e-05,6.004015449434519e-05,0.17507102272727273,0.18472365702479338,0.6402053202479339
CT-1__patient299__22.png,0.011279762722551823,0.011296252720057964,1.6489997506141663e-05,0.019763940945267677,0.019842583686113358,7.864274084568024e-05,1.6489679182996042e-05,0.1831821410123967,0.18490928460743802,0.6319085743801653
CT-1__patient307__19.png,0.009821835905313492,0.009908492676913738,8.665677160024643e-05,0.01920938491821289,0.01931704394519329,0.00010765902698040009,8.665784116601571e-05,0.1590989798553719,0.17402182334710745,0.6668791967975206
CT-1__patient307__21.png,0.00945583451539278,0.009489730931818485,3.3896416425704956e-05,0.018724042922258377,0.01879156567156315,6.752274930477142e-05,3.389719859114848e-05,0.1604871513429752,0.16925200154958678,0.670260847107438
CT-1__patient313__24.png,0.010492880828678608,0.01054415199905634,5.127117037773132e-05,0.019595127552747726,0.019711174070835114,0.00011604651808738708,5.127309850649908e-05,0.16085840650826447,0.16848527892561985,0.6706563145661157
CT-1__patient313__26.png,0.01080399937927723,0.010850587859749794,4.65884804725647e-05,0.01994188129901886,0.02005060948431492,0.00010872818529605865,4.6588884288212284e-05,0.16319892820247933,0.17153602789256198,0.6652650439049587
CT-1__patient315__15.png,0.012331431731581688,0.012357163242995739,2.5731511414051056e-05,0.02115711383521557,0.02117829956114292,2.1185725927352905e-05,2.573149868112523e-05,0.17867865444214875,0.1822055785123967,0.6391157670454546
CT-1__patient315__17.png,0.011746791191399097,0.011752646416425705,5.8552250266075134e-06,0.021074457094073296,0.02105863392353058,-1.582317054271698e-05,5.855257768416777e-06,0.1758780991735537,0.1787997159090909,0.6453221849173554
CT-1__patient316__20.png,0.010447747074067593,0.010486613027751446,3.886595368385315e-05,0.019221380352973938,0.019305000081658363,8.361972868442535e-05,3.886626655003056e-05,0.17029313016528927,0.17817019628099173,0.651536673553719
CT-1__patient316__22.png,0.010637267492711544,0.010716455988585949,7.918849587440491e-05,0.019285084679722786,0.01944398321211338,0.00015889853239059448,7.918844494270161e-05,0.17140689566115702,0.18324670712809918,0.6453463972107438
CT-1__patient320__16.png,0.010197427123785019,0.01018606312572956,-1.1363998055458069e-05,0.018760766834020615,0.018735632300376892,-2.5134533643722534e-05,-1.1362371878931299e-05,0.1713826833677686,0.1728596332644628,0.6557576833677686
CT-1__patient320__18.png,0.010362639091908932,0.010366152971982956,3.5138800740242004e-06,0.018850374966859818,0.018863709643483162,1.3334676623344421e-05,3.5131531603838084e-06,0.16956676136363635,0.1715440986570248,0.6588891399793388
CT-1__patient331__20.png,0.01009228453040123,0.010143558494746685,5.127396434545517e-05,0.019026683643460274,0.01909690350294113,7.021985948085785e-05,5.127309123054147e-05,0.15726691632231404,0.16490185950413222,0.6778312241735537
CT-1__patient331__24.png,0.009390540421009064,0.0094115249812603,2.0984560251235962e-05,0.018473956733942032,0.018555179238319397,8.122250437736511e-05,2.0983987269573845e-05,0.1550313145661157,0.159010201446281,0.6859584839876033
CT-1__patient332__13.png,0.01008402369916439,0.01013691071420908,5.288701504468918e-05,0.01920584961771965,0.0192711241543293,6.527453660964966e-05,5.288724059937522e-05,0.16408671229338842,0.17596687758264462,0.6599464101239669
CT-1__patient332__19.png,0.010611061006784439,0.010654452256858349,4.339125007390976e-05,0.019477874040603638,0.01955101639032364,7.314234972000122e-05,4.339222505223006e-05,0.16744415030991736,0.17637848657024793,0.6561773631198347
CT-1__patient339__19.png,0.008589698933064938,0.008652618154883385,6.291922181844711e-05,0.017276937142014503,0.01735113188624382,7.419474422931671e-05,6.292032048804685e-05,0.15808206353305784,0.1690421616735537,0.6728757747933884
CT-1__patient339__27.png,0.008439931087195873,0.00852307491004467,8.314382284879684e-05,0.016936063766479492,0.017019325867295265,8.326210081577301e-05,8.314469596371055e-05,0.1624402763429752,0.1800991089876033,0.6574606146694215
CT-1__patient342__20.png,0.009153353981673717,0.009212667122483253,5.931314080953598e-05,0.017452295869588852,0.017537493258714676,8.519738912582397e-05,5.931220221100375e-05,0.1646355242768595,0.17379584194214875,0.6615686337809917
CT-1__patient342__26.png,0.01023765280842781,0.010312377475202084,7.472466677427292e-05,0.018801044672727585,0.01894563063979149,0.0001445859670639038,7.47257872717455e-05,0.17238345816115702,0.1851514075413223,0.6424651342975206
CT-1__patient345__18.png,0.00989026390016079,0.009978693909943104,8.84300097823143e-05,0.018836377188563347,0.018942637369036674,0.00010626018047332764,8.843025716487318e-05,0.16980888429752067,0.18787125516528927,0.64231986053719
CT-1__patient345__22.png,0.009917641058564186,0.009983282536268234,6.564147770404816e-05,0.019053541123867035,0.019157717004418373,0.0001041758805513382,6.564220529980958e-05,0.16375581095041322,0.17645112345041322,0.6597930655991735
CT-1__patient346__17.png,0.009263812564313412,0.009283308871090412,1.9496306777000427e-05,0.018879279494285583,0.01891751028597355,3.823079168796539e-05,1.9496428649290465e-05,0.1526020144628099,0.1587600077479339,0.6886379777892562
CT-1__patient346__21.png,0.009215356782078743,0.00921326782554388,-2.0889565348625183e-06,0.01869416981935501,0.018722333014011383,2.816319465637207e-05,-2.088905603159219e-06,0.15345751549586778,0.15481340392561985,0.6917290805785123
CT-1__patient347__19.png,0.009253368712961674,0.00932062603533268,6.725732237100601e-05,0.018278243020176888,0.01836349256336689,8.524954319000244e-05,6.725636922055855e-05,0.15419195506198347,0.16566858212809918,0.6801394628099173
CT-1__patient347__23.png,0.009892667643725872,0.009917892515659332,2.5224871933460236e-05,0.018911389634013176,0.018956605345010757,4.521571099758148e-05,2.5225101126125082e-05,0.15916354597107438,0.16665321539256198,0.6741832386363636
CT-1__patient351__18.png,0.00920753926038742,0.009264002554118633,5.6463293731212616e-05,0.018584325909614563,0.018668388947844505,8.406303822994232e-05,5.64636975468602e-05,0.1562419292355372,0.16859019886363635,0.6751678719008265
CT-1__patient351__26.png,0.00898035615682602,0.009024064056575298,4.370789974927902e-05,0.01837383396923542,0.018378591164946556,4.757195711135864e-06,4.370872920844704e-05,0.15231953770661158,0.16457902892561985,0.6831014333677686
CT-1__patient355__16.png,0.009542777203023434,0.009595886804163456,5.310960114002228e-05,0.018171878531575203,0.018242115154862404,7.023662328720093e-05,5.3108793508727103e-05,0.1601643207644628,0.1735698605371901,0.6662658186983471
CT-1__patient355__18.png,0.009618326090276241,0.009714193642139435,9.586755186319351e-05,0.01818430982530117,0.018299395218491554,0.00011508539319038391,9.586800297256559e-05,0.15955901342975207,0.17964714617768596,0.660793840392562
CT-1__patient356__17.png,0.010642712004482746,0.010710885748267174,6.817374378442764e-05,0.020183686167001724,0.020258907228708267,7.522106170654297e-05,6.817421672167256e-05,0.16306172520661158,0.1781459839876033,0.6587922908057852
CT-1__patient356__21.png,0.010458854958415031,0.010575708001852036,0.00011685304343700409,0.01951073668897152,0.01967008039355278,0.00015934370458126068,0.00011685201752698049,0.1605517174586777,0.18243155991735538,0.6570167226239669
CT-1__patient357__21.png,0.010325578041374683,0.010382864624261856,5.72865828871727e-05,0.01979939639568329,0.019963789731264114,0.0001643933355808258,5.728659743908793e-05,0.14825187241735538,0.15752518078512398,0.6942229467975206
CT-1__patient357__23.png,0.01037276815623045,0.010459204204380512,8.643604815006256e-05,0.019491421058773994,0.019676636904478073,0.00018521584570407867,8.643631736049429e-05,0.14687177169421486,0.16116509555785125,0.6919631327479339
CT-1__patient358__18.png,0.009139933623373508,0.009209026582539082,6.909295916557312e-05,0.017936253920197487,0.018008321523666382,7.206760346889496e-05,6.909205694682896e-05,0.16018046229338842,0.17640269886363635,0.6634168388429752
CT-1__patient358__20.png,0.0089501291513443,0.008992571383714676,4.244223237037659e-05,0.017628543078899384,0.01769898273050785,7.04396516084671e-05,4.2442723497515544e-05,0.1630859375,0.17169744318181818,0.6652166193181818
CT-1__patient364__18.png,0.008316367864608765,0.00836814846843481,5.178060382604599e-05,0.016935549676418304,0.017017383128404617,8.183345198631287e-05,5.1779483328573406e-05,0.1526746513429752,0.16344912190082644,0.6838762267561983
CT-1__patient364__22.png,0.008342068642377853,0.008399766869843006,5.769822746515274e-05,0.016851279884576797,0.01693536899983883,8.408911526203156e-05,5.769805284217e-05,0.14978531766528927,0.1620205965909091,0.6881940857438017
CT-1__patient366__20.png,0.009561101906001568,0.00959683582186699,3.5733915865421295e-05,0.018160691484808922,0.018267707899212837,0.0001070164144039154,3.573291178327054e-05,0.16892917097107438,0.17428008780991736,0.6567907412190083
CT-1__patient366__24.png,0.009817594662308693,0.00986798107624054,5.038641393184662e-05,0.01821349374949932,0.018324410542845726,0.00011091679334640503,5.038689050707035e-05,0.16488571797520662,0.1743850077479339,0.6607292742768595
CT-1__patient371__17.png,0.010324753820896149,0.010392516851425171,6.776303052902222e-05,0.01906494051218033,0.01916312612593174,9.818561375141144e-05,6.77627685945481e-05,0.1633280604338843,0.17647533574380164,0.660196603822314
CT-1__patient371__23.png,0.011125817894935608,0.011195669881999493,6.985198706388474e-05,0.02005334012210369,0.020139683037996292,8.634291589260101e-05,6.985167419770733e-05,0.16320699896694216,0.1787028667355372,0.6580901342975206
CT-1__patient381__20.png,0.010368335992097855,0.010420305654406548,5.196966230869293e-05,0.019727209582924843,0.019859345629811287,0.0001321360468864441,5.196939309826121e-05,0.16214972882231404,0.17190728305785125,0.6659429881198347
CT-1__patient381__22.png,0.010030029341578484,0.010077315382659435,4.728604108095169e-05,0.019059231504797935,0.019152576103806496,9.334459900856018e-05,4.728517887997441e-05,0.1639979338842975,0.17262558109504134,0.6633764850206612
CT-1__patient386__19.png,0.00955385435372591,0.009619750082492828,6.589572876691818e-05,0.01842855103313923,0.01852550357580185,9.695254266262054e-05,6.589540862478316e-05,0.1641593491735537,0.17409446022727273,0.6617461905991735
CT-1__patient386__23.png,0.009761795401573181,0.009799996390938759,3.82009893655777e-05,0.018837952986359596,0.018898168578743935,6.021559238433838e-05,3.820161509793252e-05,0.1592442536157025,0.16948605371900827,0.6712696926652892
CT-1__patient395__21.png,0.010584981180727482,0.010616599582135677,3.1618401408195496e-05,0.019741777330636978,0.019820671528577805,7.889419794082642e-05,3.161841232213192e-05,0.1710598527892562,0.17746803977272727,0.6514721074380165
CT-1__patient395__25.png,0.010233190841972828,0.010235913097858429,2.7222558856010437e-06,0.019205013290047646,0.019230607897043228,2.559460699558258e-05,2.7219075491302647e-06,0.16815437758264462,0.17136654183884298,0.6604790805785123
CT-1__patient398__16.png,0.010012747719883919,0.010086334310472012,7.35865905880928e-05,0.01896967738866806,0.019043389707803726,7.37123191356659e-05,7.358637230936438e-05,0.16669356921487602,0.18030894886363635,0.6529974819214877
CT-1__patient398__24.png,0.009779613465070724,0.009832533076405525,5.291961133480072e-05,0.018833056092262268,0.018893109634518623,6.0053542256355286e-05,5.2918880101060495e-05,0.167161673553719,0.17892077737603307,0.6539175490702479
CT-1__patient403__17.png,0.01070844940841198,0.010720664635300636,1.2215226888656616e-05,0.019809817895293236,0.01985090598464012,4.108808934688568e-05,1.2216928553243633e-05,0.1643207644628099,0.1670809659090909,0.6685982696280992
CT-1__patient403__23.png,0.009542209096252918,0.009569552727043629,2.734363079071045e-05,0.018320472911000252,0.018372604623436928,5.2131712436676025e-05,2.7345660782884806e-05,0.15596752324380164,0.16287609762396693,0.6811563791322314
CT-1__patient412__20.png,0.010418058373034,0.010502437129616737,8.437875658273697e-05,0.01950826495885849,0.019595783203840256,8.751824498176575e-05,8.437904762104154e-05,0.16582999741735538,0.18063985020661158,0.6535301523760331
CT-1__patient412__24.png,0.011122842319309711,0.011152214370667934,2.937205135822296e-05,0.019929828122258186,0.019992003217339516,6.217509508132935e-05,2.93712510028854e-05,0.17670938791322313,0.1815518465909091,0.6417387654958677
CT-1__patient413__15.png,0.010256105102598667,0.010305226780474186,4.91216778755188e-05,0.01864570751786232,0.01871420070528984,6.849318742752075e-05,4.912088843411766e-05,0.16774276859504134,0.17573282541322313,0.6565244059917356
CT-1__patient413__17.png,0.010474934242665768,0.010507850907742977,3.291666507720947e-05,0.018752919510006905,0.018801158294081688,4.8238784074783325e-05,3.2916061172727495e-05,0.17072088068181818,0.17655604338842976,0.6527230759297521
CT-1__patient414__16.png,0.009488147683441639,0.00954581517726183,5.766749382019043e-05,0.018203768879175186,0.018341124057769775,0.00013735517859458923,5.76664024265483e-05,0.1693569214876033,0.18013139204545456,0.6505116864669421
CT-1__patient414__20.png,0.010459933429956436,0.01053206343203783,7.21300020813942e-05,0.019358010962605476,0.019485177472233772,0.0001271665096282959,7.213049684651196e-05,0.17344879907024793,0.18592620092975207,0.640625
CT-1__patient418__13.png,0.010971714742481709,0.011040584184229374,6.88694417476654e-05,0.02048446610569954,0.02060016617178917,0.00011570006608963013,6.88705185893923e-05,0.15981727789256198,0.17085001291322313,0.6693327091942148
CT-1__patient418__17.png,0.010721898637712002,0.010807323269546032,8.542463183403015e-05,0.020171063020825386,0.020300962030887604,0.0001298990100622177,8.542349678464234e-05,0.15001936983471073,0.16664514462809918,0.68333548553719
CT-1__patient419__19.png,0.009698874317109585,0.00975081231445074,5.1937997341156006e-05,0.018791088834404945,0.018812917172908783,2.1828338503837585e-05,5.1937746320618317e-05,0.16150406766528927,0.1746432722107438,0.6638526601239669
CT-1__patient419__25.png,0.009449598379433155,0.009526983834803104,7.738545536994934e-05,0.01820986531674862,0.01831129938364029,0.00010143406689167023,7.738439308013767e-05,0.15679074121900827,0.17348915289256198,0.6697201058884298
CT-1__patient423__19.png,0.010140551254153252,0.010207047685980797,6.649643182754517e-05,0.019430000334978104,0.019561100751161575,0.00013110041618347168,6.649675196968019e-05,0.1665886492768595,0.175611763946281,0.6577995867768595
CT-1__patient423__23.png,0.010088835842907429,0.010137069039046764,4.823319613933563e-05,0.019445568323135376,0.01954646222293377,0.00010089389979839325,4.8234694986604154e-05,0.1673230888429752,0.17641076962809918,0.6562661415289256
CT-1__patient428__20.png,0.008983361534774303,0.009034602902829647,5.124136805534363e-05,0.017779624089598656,0.0178372822701931,5.7658180594444275e-05,5.124144445289858e-05,0.1631505036157025,0.1727789256198347,0.6640705707644629
CT-1__patient428__26.png,0.009193708188831806,0.009228711947798729,3.500375896692276e-05,0.017582980915904045,0.017623847350478172,4.08664345741272e-05,3.50049594999291e-05,0.1655959452479339,0.173997611053719,0.6604064436983471
CT-1__patient434__12.png,0.009411271661520004,0.009459251537919044,4.797987639904022e-05,0.0186616163700819,0.018747864291071892,8.624792098999023e-05,4.798147710971534e-05,0.15361086002066116,0.16541838842975207,0.6809707515495868
CT-1__patient434__20.png,0.008829004131257534,0.008872617967426777,4.361383616924286e-05,0.017997410148382187,0.018122587352991104,0.00012517720460891724,4.3613767047645524e-05,0.15018885588842976,0.15806592200413222,0.691745222107438
CT-1__patient445__16.png,0.009895484894514084,0.00994159933179617,4.611443728208542e-05,0.019400397315621376,0.01947488635778427,7.44890421628952e-05,4.611413532984443e-05,0.1524163868801653,0.15993833935950413,0.6876452737603306
CT-1__patient445__24.png,0.010239362716674805,0.01024844590574503,9.083189070224762e-06,0.019719617441296577,0.019768578931689262,4.8961490392684937e-05,9.083561963052489e-06,0.1659349173553719,0.16850142045454544,0.6655636621900827
CT-1__patient447__15.png,0.009244411252439022,0.009298312477767467,5.3901225328445435e-05,0.018515320494771004,0.018605146557092667,8.98260623216629e-05,5.390004298533313e-05,0.15553977272727273,0.16859826962809918,0.6758619576446281
CT-1__patient447__17.png,0.008894456550478935,0.008989755995571613,9.529944509267807e-05,0.018237534910440445,0.01837536320090294,0.0001378282904624939,9.529830276733264e-05,0.14953512396694216,0.16718588584710745,0.6832789901859504
CT-1__patient453__22.png,0.009074103087186813,0.009100846014916897,2.6742927730083466e-05,0.018430806696414948,0.018475625663995743,4.481896758079529e-05,2.6744286515167914e-05,0.14944634555785125,0.1563226368801653,0.6942310175619835
CT-1__patient453__24.png,0.008733769878745079,0.00877415481954813,4.0384940803050995e-05,0.01797693409025669,0.01803857460618019,6.164051592350006e-05,4.038547194795683e-05,0.14222301136363635,0.1494059917355372,0.7083709969008265
CT-1__patient455__20.png,0.010154254734516144,0.010214073583483696,5.9818848967552185e-05,0.019488951191306114,0.019572803750634193,8.385255932807922e-05,5.981860886095092e-05,0.15963972107438015,0.1734165160123967,0.6669437629132231
CT-1__patient455__22.png,0.009753852151334286,0.009813481010496616,5.962885916233063e-05,0.019226765260100365,0.019291024655103683,6.425939500331879e-05,5.962871000519954e-05,0.1580417097107438,0.16865476497933884,0.6733035253099173
CT-1__patient460__16.png,0.00972584169358015,0.009825475513935089,9.963382035493851e-05,0.018279125913977623,0.018428832292556763,0.0001497063785791397,9.963437332771719e-05,0.16306172520661158,0.181810111053719,0.6551281637396694
CT-1__patient460__24.png,0.009375158697366714,0.009428140707314014,5.298200994729996e-05,0.017981266602873802,0.018082469701766968,0.00010120309889316559,5.298219184624031e-05,0.16035801911157024,0.1698250258264463,0.6698169550619835
CT-1__patient461__20.png,0.009931661188602448,0.009962803684175014,3.1142495572566986e-05,0.018714480102062225,0.018794579431414604,8.009932935237885e-05,3.114365608780645e-05,0.1545309271694215,0.15830804493801653,0.687161027892562
CT-1__patient461__24.png,0.009574995376169682,0.009614210575819016,3.9215199649333954e-05,0.018488524481654167,0.018594931811094284,0.00010640732944011688,3.921441384591162e-05,0.14864733987603307,0.15684723657024793,0.694505423553719
CT-1__patient462__14.png,0.00909239612519741,0.00912521779537201,3.2821670174598694e-05,0.0178353451192379,0.017903128638863564,6.778351962566376e-05,3.282111356384121e-05,0.1487603305785124,0.15522501291322313,0.6960146565082644
CT-1__patient462__22.png,0.009036535397171974,0.009070305153727531,3.376975655555725e-05,0.018256083130836487,0.018329864367842674,7.378123700618744e-05,3.377062239451334e-05,0.1514478951446281,0.15816277117768596,0.690389333677686
CT-1__patient465__23.png,0.009028431959450245,0.00908347126096487,5.503930151462555e-05,0.018062522634863853,0.018122032284736633,5.9509649872779846e-05,5.5039443395799026e-05,0.1567342458677686,0.16684691373966942,0.676418840392562
CT-1__patient465__25.png,0.008938830345869064,0.00900630746036768,6.747711449861526e-05,0.017815835773944855,0.017894310876727104,7.847510278224945e-05,6.747791485395283e-05,0.15458742252066116,0.16777505165289255,0.6776375258264463
CT-1__patient466__16.png,0.010567131452262402,0.010604288429021835,3.7156976759433746e-05,0.01949310675263405,0.01956745609641075,7.434934377670288e-05,3.7157165934331715e-05,0.16368317407024793,0.16929235537190082,0.6670244705578512
CT-1__patient466__20.png,0.010764277540147305,0.010845303535461426,8.102599531412125e-05,0.019800463691353798,0.019934307783842087,0.00013384409248828888,8.102415449684486e-05,0.1673957257231405,0.1821975077479339,0.6504067665289256
CT-1__patient474__16.png,0.009274258278310299,0.009388544596731663,0.00011428631842136383,0.018479160964488983,0.018616940826177597,0.0001377798616886139,0.0001142883556894958,0.15074573863636365,0.1692681430785124,0.679986118285124
CT-1__patient474__18.png,0.009404719807207584,0.009516602382063866,0.00011188257485628128,0.0185527503490448,0.01867228001356125,0.00011952966451644897,0.00011188295320607722,0.15215005165289255,0.1727627840909091,0.6750871642561983
CT-1__patient476__15.png,0.010158022865653038,0.01027057133615017,0.00011254847049713135,0.0188096035271883,0.018978720530867577,0.0001691170036792755,0.00011254758283030242,0.1754503486570248,0.1942633006198347,0.6302863507231405
CT-1__patient476__19.png,0.011100750416517258,0.011094357818365097,-6.3925981521606445e-06,0.019928593188524246,0.01996535062789917,3.6757439374923706e-05,-6.393305284291273e-06,0.18472365702479338,0.1837551652892562,0.6315211776859504
CT-1__patient478__15.png,0.010727502405643463,0.010738864541053772,1.1362135410308838e-05,0.02081894502043724,0.020880257710814476,6.131269037723541e-05,1.1362364602973685e-05,0.1660963326446281,0.16926007231404958,0.6646435950413223
CT-1__patient478__17.png,0.010427838191390038,0.010494021698832512,6.618350744247437e-05,0.020185619592666626,0.020305434241890907,0.00011981464922428131,6.618026236537844e-05,0.1648776472107438,0.17573282541322313,0.6593895273760331
CT-1__patient480__20.png,0.009470108896493912,0.00955065805464983,8.054915815591812e-05,0.01828835718333721,0.01840284653007984,0.00011448934674263,8.0549405538477e-05,0.16020467458677687,0.1766932463842975,0.6631020790289256
CT-1__patient480__22.png,0.009243872947990894,0.00932635273784399,8.247978985309601e-05,0.017652736976742744,0.01778329163789749,0.000130554661154747,8.248003723565489e-05,0.16126194473140495,0.174974173553719,0.663763881714876
CT-1__patient492__17.png,0.010484648868441582,0.010524909943342209,4.0261074900627136e-05,0.019393157213926315,0.019436851143836975,4.369392991065979e-05,4.025887756142765e-05,0.16737151342975207,0.1751275180785124,0.6575009684917356
CT-1__patient492__21.png,0.009880198165774345,0.00995001569390297,6.981752812862396e-05,0.01848902925848961,0.01865452341735363,0.0001654941588640213,6.982002378208563e-05,0.16526504390495866,0.17539385330578514,0.6593411027892562
CT-1__patient495__15.png,0.009844591841101646,0.009880674071609974,3.6082230508327484e-05,0.018981920555233955,0.019062340259552002,8.041970431804657e-05,3.60810590791516e-05,0.16676620609504134,0.17379584194214875,0.65943795196281
CT-1__patient495__19.png,0.009427540004253387,0.009534136392176151,0.00010659638792276382,0.01854480616748333,0.018735533580183983,0.00019072741270065308,0.00010659737745299935,0.15466813016528927,0.17239959969008264,0.6729322701446281
CT-1__patient501__16.png,0.010264619253575802,0.010288926772773266,2.430751919746399e-05,0.019456325098872185,0.01946656033396721,1.0235235095024109e-05,2.430724271107465e-05,0.1704868285123967,0.17746803977272727,0.652045131714876
CT-1__patient501__18.png,0.010470218025147915,0.010542917996644974,7.269997149705887e-05,0.019577594473958015,0.01969834603369236,0.00012075155973434448,7.270017522387207e-05,0.16768627324380164,0.1794373063016529,0.6528764204545454
CT-1__patient502__20.png,0.010021768510341644,0.01012070570141077,9.893719106912613e-05,0.01931728608906269,0.019471250474452972,0.00015396438539028168,9.893807873595506e-05,0.1629890883264463,0.18034930268595042,0.6566616089876033
CT-1__patient502__22.png,0.010260030627250671,0.01035327184945345,9.324122220277786e-05,0.01950128935277462,0.01963280886411667,0.00013151951134204865,9.324106213171035e-05,0.1631747159090909,0.1800829674586777,0.6567423166322314
CT-1__patient511__18.png,0.009040269069373608,0.009089992381632328,4.97233122587204e-05,0.017500218003988266,0.01762467622756958,0.0001244582235813141,4.9722239054972306e-05,0.15875193698347106,0.1693569214876033,0.6718911415289256
CT-1__patient511__24.png,0.009769645519554615,0.009788887575268745,1.92420557141304e-05,0.018191171810030937,0.01826545223593712,7.428042590618134e-05,1.9243243514210917e-05,0.16328770661157024,0.16892110020661158,0.6677911931818182
CT-1__patient514__18.png,0.009768695570528507,0.009810788556933403,4.209298640489578e-05,0.018928686156868935,0.01904166303575039,0.00011297687888145447,4.209457620163448e-05,0.164231986053719,0.1701801394628099,0.6655878744834711
CT-1__patient514__22.png,0.009503466077148914,0.009599526412785053,9.606033563613892e-05,0.018471065908670425,0.018609439954161644,0.00013837404549121857,9.605792729416862e-05,0.15574961260330578,0.17413481404958678,0.6701155733471075
CT-1__patient517__15.png,0.009934983216226101,0.010018003173172474,8.301995694637299e-05,0.018976466730237007,0.019091498106718063,0.00011503137648105621,8.301809430122375e-05,0.1648050103305785,0.18289159349173553,0.652303396177686
CT-1__patient517__21.png,0.01005544327199459,0.010085764341056347,3.0321069061756134e-05,0.01886548101902008,0.018926100805401802,6.0619786381721497e-05,3.0320747100631706e-05,0.16311822055785125,0.1725206611570248,0.664361118285124
CT-1__patient518__13.png,0.010183500126004219,0.010195939801633358,1.2439675629138947e-05,0.019512424245476723,0.01959306374192238,8.063949644565582e-05,1.2438477824616712e-05,0.16038223140495866,0.16091490185950413,0.6787028667355371
CT-1__patient518__19.png,0.010628880001604557,0.010698954574763775,7.007457315921783e-05,0.020010696724057198,0.020087912678718567,7.721595466136932e-05,7.007323438301682e-05,0.16376388171487602,0.1779684271694215,0.6582676911157025
CT-1__patient524__21.png,0.009010865353047848,0.009064069017767906,5.320366472005844e-05,0.017929309979081154,0.01796763204038143,3.832206130027771e-05,5.3203748393571004e-05,0.1512703383264463,0.1628276730371901,0.6859019886363636
CT-1__patient524__25.png,0.008798494003713131,0.008872617967426777,7.412396371364594e-05,0.01744338870048523,0.017556339502334595,0.00011295080184936523,7.412442209897563e-05,0.14863119834710745,0.16347333419421486,0.6878954674586777
CT-1__patient526__22.png,0.010197395458817482,0.010278893634676933,8.14981758594513e-05,0.019372761249542236,0.019503820687532425,0.0001310594379901886,8.149888890329748e-05,0.16336841425619836,0.17739540289256198,0.6592361828512396
CT-1__patient526__24.png,0.009398262947797775,0.00948998425155878,9.17213037610054e-05,0.01830616593360901,0.018422897905111313,0.00011673197150230408,9.172185673378408e-05,0.1537238507231405,0.16977660123966942,0.67649954803719
CT-1__patient528__15.png,0.011105624958872795,0.011180192232131958,7.45672732591629e-05,0.020360225811600685,0.020447000861167908,8.67750495672226e-05,7.45675279176794e-05,0.17500645661157024,0.18641044679752067,0.6385830965909091
CT-1__patient528__17.png,0.010996115393936634,0.011046819388866425,5.07039949297905e-05,0.020397422835230827,0.020499752834439278,0.00010232999920845032,5.070339102530852e-05,0.1669841167355372,0.17725819989669422,0.6557576833677686
CT-1__patient529__17.png,0.011723876930773258,0.011806102469563484,8.222553879022598e-05,0.020711148157715797,0.020880162715911865,0.0001690145581960678,8.222684846259654e-05,0.1621900826446281,0.17346494059917356,0.6643449767561983
CT-1__patient529__21.png,0.011711407452821732,0.01179185975342989,8.045230060815811e-05,0.02043050155043602,0.02057892084121704,0.00014841929078102112,8.04544470156543e-05,0.16391722623966942,0.17677395402892562,0.659308819731405
CT-1__patient531__24.png,0.010476769879460335,0.010537824593484402,6.105471402406693e-05,0.019284090027213097,0.01935170404613018,6.761401891708374e-05,6.105295324232429e-05,0.1652892561983471,0.17459484762396693,0.660115896177686
CT-1__patient531__26.png,0.010494936257600784,0.010535860434174538,4.092417657375336e-05,0.01980159990489483,0.019876370206475258,7.477030158042908e-05,4.092352537554689e-05,0.16183496900826447,0.17085808367768596,0.6673069473140496
CT-1__patient538__19.png,0.009837913326919079,0.009895706549286842,5.779322236776352e-05,0.018932124599814415,0.018983684480190277,5.155988037586212e-05,5.779299681307748e-05,0.16905830320247933,0.1812451575413223,0.6496965392561983
CT-1__patient538__23.png,0.009772302582859993,0.009889313019812107,0.0001170104369521141,0.018807385116815567,0.01890040747821331,9.302236139774323e-05,0.00011701026232913136,0.16501485020661158,0.1916403021694215,0.6433448476239669
CT-1__patient542__18.png,0.010946393944323063,0.011016909033060074,7.051508873701096e-05,0.020558690652251244,0.020661475136876106,0.00010278448462486267,7.051632564980537e-05,0.16260976239669422,0.1750387396694215,0.6623514979338843
CT-1__patient542__24.png,0.01078247744590044,0.010839669965207577,5.7192519307136536e-05,0.019801760092377663,0.019934389740228653,0.0001326296478509903,5.7191657106159255e-05,0.16758135330578514,0.17549070247933884,0.656927944214876
CT-1__patient552__17.png,0.010045790113508701,0.010105357505381107,5.9567391872406006e-05,0.019496595486998558,0.019604196771979332,0.00010760128498077393,5.956540917395614e-05,0.16135879390495866,0.1727708548553719,0.6658703512396694
CT-1__patient552__19.png,0.009901308454573154,0.00996321626007557,6.19078055024147e-05,0.01919601298868656,0.019321758300065994,0.00012574531137943268,6.190750718815252e-05,0.15685530733471073,0.16867090650826447,0.6744737861570248
CT-1__patient553__18.png,0.010123333893716335,0.010221417061984539,9.808316826820374e-05,0.018877435475587845,0.01898287609219551,0.00010544061660766602,9.808353206608444e-05,0.1663465263429752,0.18113216683884298,0.6525213068181818
CT-1__patient553__24.png,0.00977233424782753,0.009872127324342728,9.979307651519775e-05,0.01859770342707634,0.018704859539866447,0.00010715611279010773,9.979262540582567e-05,0.1591151213842975,0.1772420583677686,0.6636428202479339
CT-1__patient557__25.png,0.01102963276207447,0.01109989732503891,7.026456296443939e-05,0.02058449387550354,0.020675601437687874,9.11075621843338e-05,7.02631296007894e-05,0.1581385588842975,0.17135040030991736,0.6705110408057852
CT-1__patient557__27.png,0.010511647909879684,0.010509558022022247,-2.089887857437134e-06,0.02013314515352249,0.02014201320707798,8.868053555488586e-06,-2.0889021925540874e-06,0.1581950542355372,0.15977692407024793,0.6820280216942148
CT-1__patient560__16.png,0.010516268201172352,0.01056038960814476,4.4121406972408295e-05,0.019913408905267715,0.0200073029845953,9.389407932758331e-05,4.4120170059613883e-05,0.17222204287190082,0.17783929493801653,0.6499386621900827
CT-1__patient560__22.png,0.010374666191637516,0.010394099168479443,1.9432976841926575e-05,0.019673310220241547,0.019708173349499702,3.486312925815582e-05,1.9433135094004683e-05,0.16734730113636365,0.17234310433884298,0.6603095945247934
CT-1__patient578__17.png,0.011958405375480652,0.012015342712402344,5.6937336921691895e-05,0.021358169615268707,0.02149009332060814,0.00013192370533943176,5.693845378118567e-05,0.1768385201446281,0.18402150051652894,0.6391399793388429
CT-1__patient578__19.png,0.011509732343256474,0.01154056005179882,3.0827708542346954e-05,0.020584871992468834,0.020641537383198738,5.6665390729904175e-05,3.0827159207547083e-05,0.17836389462809918,0.18434433109504134,0.6372917742768595
CT-1__patient585__16.png,0.009788191877305508,0.009844972752034664,5.6780874729156494e-05,0.018424050882458687,0.018488610163331032,6.455928087234497e-05,5.678020170307718e-05,0.17199606146694216,0.18346461776859505,0.6445393207644629
CT-1__patient585__20.png,0.009976825676858425,0.010011166334152222,3.434065729379654e-05,0.01857137866318226,0.01860361360013485,3.223493695259094e-05,3.434031532378867e-05,0.17475626291322313,0.18190696022727273,0.6433367768595041
CT-1__patient586__17.png,0.010495031252503395,0.010568521916866302,7.349066436290741e-05,0.019757159054279327,0.019884351640939713,0.00012719258666038513,7.349144289037213e-05,0.16452253357438015,0.17923553719008264,0.6562419292355371
CT-1__patient586__21.png,0.010272436775267124,0.010254300199449062,-1.813657581806183e-05,0.019408738240599632,0.01941448263823986,5.7443976402282715e-06,-1.81354844244197e-05,0.16556366219008264,0.1646435950413223,0.669792742768595
CT-1__patient589__23.png,0.010910090059041977,0.010944020003080368,3.392994403839111e-05,0.019751742482185364,0.019782399758696556,3.065727651119232e-05,3.392886355868541e-05,0.17166516012396693,0.18097882231404958,0.6473560175619835
CT-1__patient589__25.png,0.01093544252216816,0.010971998795866966,3.655627369880676e-05,0.019694862887263298,0.01977553591132164,8.067302405834198e-05,3.655580439954065e-05,0.16776698088842976,0.17484504132231404,0.6573879777892562
CT-1__patient596__16.png,0.009480741806328297,0.009524230845272541,4.3489038944244385e-05,0.019096681848168373,0.019157731905579567,6.105005741119385e-05,4.348717993707396e-05,0.15442600723140495,0.16099560950413222,0.6845783832644629
CT-1__patient596__20.png,0.00945016834884882,0.009490585885941982,4.041753709316254e-05,0.01919155940413475,0.019268015399575233,7.64559954404831e-05,4.0417126001557335e-05,0.14815502324380164,0.15499903150826447,0.6968459452479339
CT-1__patient603__22.png,0.010601945221424103,0.010709461756050587,0.00010751653462648392,0.019616620615124702,0.01979379542171955,0.00017717480659484863,0.00010751522495411336,0.16729080578512398,0.18829093491735538,0.6444182592975206
CT-1__patient603__26.png,0.009978912770748138,0.010054304264485836,7.53914937376976e-05,0.018742671236395836,0.01885032281279564,0.00010765157639980316,7.539043144788593e-05,0.16524890237603307,0.17876743285123967,0.6559836647727273
CT-1__patient615__19.png,0.009309958666563034,0.009346261620521545,3.630295395851135e-05,0.017627598717808723,0.017690641805529594,6.304308772087097e-05,3.6302611988503486e-05,0.17105178202479338,0.1809868930785124,0.6479613248966942
CT-1__patient615__21.png,0.009625858627259731,0.009705711156129837,7.985252887010574e-05,0.018391329795122147,0.01852566935122013,0.00013433955609798431,7.985309639479965e-05,0.1696878228305785,0.18414256198347106,0.6461696151859504
CT-1__patient625__13.png,0.009982239454984665,0.010050317272543907,6.807781755924225e-05,0.019146814942359924,0.01922667771577835,7.986277341842651e-05,6.807925819884986e-05,0.16492607179752067,0.17729855371900827,0.6577753744834711
CT-1__patient625__15.png,0.010279210284352303,0.010375837795436382,9.662751108407974e-05,0.019331665709614754,0.019475357607007027,0.00014369189739227295,9.662761294748634e-05,0.16441761363636365,0.18179396952479338,0.6537884168388429
CT-1__patient636__19.png,0.009656178764998913,0.009687289595603943,3.111083060503006e-05,0.018129104748368263,0.01815650425851345,2.7399510145187378e-05,3.111200203420594e-05,0.17419938016528927,0.18174554493801653,0.6440550748966942
CT-1__patient636__27.png,0.009233870543539524,0.009254633449018002,2.0762905478477478e-05,0.018116258084774017,0.01819908432662487,8.282624185085297e-05,2.0762437998200767e-05,0.16331191890495866,0.1680494576446281,0.6686386234504132
CT-1__patient639__17.png,0.008832264691591263,0.00890404637902975,7.1781687438488e-05,0.01737733744084835,0.017503218725323677,0.00012588128447532654,7.178231317084283e-05,0.15821926652892562,0.1730936854338843,0.66868704803719
CT-1__patient639__19.png,0.00875997543334961,0.008792542852461338,3.256741911172867e-05,0.017384978011250496,0.01738172583281994,-3.252178430557251e-06,3.256790660088882e-05,0.1633442019628099,0.1726901472107438,0.6639656508264463
CT-1__patient640__16.png,0.009681688621640205,0.009765940718352795,8.425209671258926e-05,0.018827879801392555,0.018956057727336884,0.0001281779259443283,8.425245323451236e-05,0.1540628228305785,0.16976853047520662,0.6761686466942148
CT-1__patient640__24.png,0.008703703060746193,0.008746902458369732,4.319939762353897e-05,0.017541198059916496,0.017643917351961136,0.00010271929204463959,4.320232619647868e-05,0.14734794679752067,0.15393369059917356,0.6987183626033058
CT-1__patient650__20.png,0.00939180701971054,0.009515431709587574,0.00012362468987703323,0.01803382858633995,0.018231969326734543,0.00019814074039459229,0.00012362512643449008,0.16228693181818182,0.18314178719008264,0.6545712809917356
CT-1__patient650__24.png,0.009511062875390053,0.009580629877746105,6.95670023560524e-05,0.018316635861992836,0.018411746248602867,9.511038661003113e-05,6.956682045711204e-05,0.16619318181818182,0.1809949638429752,0.6528118543388429
CT-1__patient655__15.png,0.00980246439576149,0.009859341196715832,5.687680095434189e-05,0.019637154415249825,0.019703568890690804,6.6414475440979e-05,5.6875152949942276e-05,0.14984181301652894,0.1618511105371901,0.688307076446281
CT-1__patient655__19.png,0.009896403178572655,0.009938274510204792,4.18713316321373e-05,0.01979641243815422,0.01984165795147419,4.524551331996918e-05,4.1873023292282596e-05,0.1489943827479339,0.16065663739669422,0.6903489798553719
CT-1__patient657__18.png,0.009632537141442299,0.009726219810545444,9.36826691031456e-05,0.018891438841819763,0.019063474610447884,0.00017203576862812042,9.368416795041412e-05,0.15850174328512398,0.1711405604338843,0.6703576962809917
CT-1__patient657__20.png,0.010477813892066479,0.010524751618504524,4.69377264380455e-05,0.020018110051751137,0.020018279552459717,1.695007085800171e-07,4.693703158409335e-05,0.15935724431818182,0.1713907541322314,0.6692520015495868
CT-1__patient660__21.png,0.009554676711559296,0.00960471574217081,5.0039030611515045e-05,0.018539881333708763,0.018673816695809364,0.0001339353621006012,5.003874684916809e-05,0.15984149018595042,0.16808981146694216,0.6720686983471075
CT-1__patient660__27.png,0.009146865457296371,0.009140441194176674,-6.424263119697571e-06,0.01823643036186695,0.01824902556836605,1.2595206499099731e-05,-6.424954790418269e-06,0.1562580707644628,0.15995448088842976,0.6837874483471075
CT-1__patient663__14.png,0.010203376412391663,0.010233160108327866,2.9783695936203003e-05,0.019892742857336998,0.019930308684706688,3.756582736968994e-05,2.9782697311020456e-05,0.1583645402892562,0.16721009814049587,0.6744253615702479
CT-1__patient663__18.png,0.009777366183698177,0.009859340265393257,8.19740816950798e-05,0.019294701516628265,0.01941431313753128,0.00011961162090301514,8.197363786166534e-05,0.15506359762396693,0.1695264075413223,0.6754099948347108
CT-1__patient669__24.png,0.010044336318969727,0.010076175443828106,3.1839124858379364e-05,0.019104866310954094,0.01912505365908146,2.0187348127365112e-05,3.1839950679568574e-05,0.16525697314049587,0.17189114152892562,0.6628518853305785
CT-1__patient669__26.png,0.009659629315137863,0.009695551358163357,3.592204302549362e-05,0.018608374521136284,0.018682952970266342,7.457844913005829e-05,3.5922814277000725e-05,0.1653618930785124,0.17054332386363635,0.6640947830578512
CT-1__patient673__22.png,0.010613719001412392,0.010668821632862091,5.51026314496994e-05,0.01977887563407421,0.019850237295031548,7.136166095733643e-05,5.510274422704242e-05,0.161939888946281,0.17411060175619836,0.6639495092975206
CT-1__patient673__24.png,0.010063578374683857,0.01011276338249445,4.918500781059265e-05,0.019179988652467728,0.019232090562582016,5.210191011428833e-05,4.918419290333986e-05,0.15859052169421486,0.1709952866735537,0.6704141916322314
CT-1__patient680__18.png,0.008737441152334213,0.00880551990121603,6.807874888181686e-05,0.01767847128212452,0.017768729478120804,9.025819599628448e-05,6.807926547480747e-05,0.1633442019628099,0.1779926394628099,0.6586631585743802
CT-1__patient680__20.png,0.008755418471992016,0.008908763527870178,0.00015334505587816238,0.017230413854122162,0.017433851957321167,0.00020343810319900513,0.00015334448835346848,0.16117316632231404,0.18816180268595042,0.6506650309917356
CT-1__patient681__18.png,0.009942802600562572,0.009973060339689255,3.025773912668228e-05,0.019053617492318153,0.019120343029499054,6.672553718090057e-05,3.025747173523996e-05,0.16390915547520662,0.17055946539256198,0.6655313791322314
CT-1__patient681__20.png,0.00993318110704422,0.009966696612536907,3.3515505492687225e-05,0.019127681851387024,0.019215188920497894,8.750706911087036e-05,3.3517419069539756e-05,0.1586873708677686,0.16524083161157024,0.6760717975206612
CT-1__patient683__16.png,0.01063818484544754,0.010677305981516838,3.912113606929779e-05,0.020195400342345238,0.02027597837150097,8.05780291557312e-05,3.911947351298295e-05,0.16614475723140495,0.17486118285123967,0.6589940599173554
CT-1__patient683__22.png,0.010287819430232048,0.010340895503759384,5.307607352733612e-05,0.019237782806158066,0.019316157326102257,7.837451994419098e-05,5.3077143093105406e-05,0.16555559142561985,0.17574089617768596,0.6587035123966942
CT-1__patient685__22.png,0.009123540483415127,0.009187853895127773,6.431341171264648e-05,0.017549332231283188,0.01766848750412464,0.00011915527284145355,6.43129096715711e-05,0.16844492510330578,0.177903861053719,0.6536512138429752
CT-1__patient685__24.png,0.00891281571239233,0.008988173678517342,7.535796612501144e-05,0.017223142087459564,0.017315199598670006,9.205751121044159e-05,7.535878830822185e-05,0.16127001549586778,0.17613636363636365,0.6625936208677686
CT-1__patient691__13.png,0.00870135985314846,0.008738803677260876,3.7443824112415314e-05,0.017917342483997345,0.017983082681894302,6.57401978969574e-05,3.744201239896938e-05,0.1395515883264463,0.1488329674586777,0.711615444214876
CT-1__patient691__19.png,0.008415846154093742,0.00839596800506115,-1.9878149032592773e-05,0.01765165664255619,0.017664790153503418,1.3133510947227478e-05,-1.9876231817761436e-05,0.14612119059917356,0.14598398760330578,0.7078948217975206
CT-1__patient694__18.png,0.00994514487683773,0.010031136684119701,8.599180728197098e-05,0.01906527392566204,0.019177941605448723,0.00011266767978668213,8.599321154179052e-05,0.16298101756198347,0.1796875,0.6573314824380165
CT-1__patient694__20.png,0.01049249991774559,0.010560168884694576,6.766896694898605e-05,0.019529854878783226,0.019612470641732216,8.261576294898987e-05,6.766781734768301e-05,0.1683722882231405,0.18273017820247933,0.6488975335743802
CT-1__patient704__18.png,0.009842976927757263,0.009883425198495388,4.044827073812485e-05,0.01873692125082016,0.018827781081199646,9.085983037948608e-05,4.044878369313665e-05,0.16033380681818182,0.1682915805785124,0.6713746126033058
CT-1__patient704__22.png,0.009232227690517902,0.009266945533454418,3.471784293651581e-05,0.018068216741085052,0.01815946213901043,9.124539792537689e-05,3.472011303529143e-05,0.14918808109504134,0.15506359762396693,0.6957483212809917
CT-1__patient709__21.png,0.011011814698576927,0.011055078357458115,4.326365888118744e-05,0.01988113671541214,0.019968628883361816,8.749216794967651e-05,4.3265616113785654e-05,0.17628163739669422,0.18536931818181818,0.6383490444214877
CT-1__patient709__25.png,0.011379208415746689,0.011370250955224037,-8.957460522651672e-06,0.020410262048244476,0.02042154222726822,1.1280179023742676e-05,-8.95697212399682e-06,0.1805026472107438,0.18079319473140495,0.6387041580578512
CT-1__patient710__20.png,0.010034018196165562,0.010113394819200039,7.937662303447723e-05,0.019455669447779655,0.019552968442440033,9.72989946603775e-05,7.937835471238941e-05,0.1556689049586777,0.1691793646694215,0.6751517303719008
CT-1__patient710__24.png,0.009318125434219837,0.009385666809976101,6.754137575626373e-05,0.018462637439370155,0.018554260954260826,9.162351489067078e-05,6.75412084092386e-05,0.15002744059917356,0.16411092458677687,0.6858616348140496
CT-1__patient712__17.png,0.010123428888618946,0.010201921686530113,7.849279791116714e-05,0.01954970322549343,0.019649852067232132,0.00010014884173870087,7.849215035093948e-05,0.1577915160123967,0.17286770402892562,0.6693407799586777
CT-1__patient712__23.png,0.009498972445726395,0.009508849121630192,9.87667590379715e-06,0.018613062798976898,0.01860765926539898,-5.403533577919006e-06,9.874825082079042e-06,0.15938952737603307,0.1617784736570248,0.6788319989669421
CT-1__patient714__22.png,0.0088761942461133,0.009008998982608318,0.000132804736495018,0.01726667582988739,0.017486602067947388,0.00021992623805999756,0.00013280361599754542,0.1603983729338843,0.1820360924586777,0.657565534607438
CT-1__patient714__26.png,0.009273085743188858,0.009346164762973785,7.307901978492737e-05,0.017718862742185593,0.017884070053696632,0.00016520731151103973,7.307997293537483e-05,0.16461131198347106,0.17491767820247933,0.6604710098140496
CT-1__patient715__20.png,0.010315325111150742,0.010366280563175678,5.0955452024936676e-05,0.01930840127170086,0.01934702694416046,3.8625672459602356e-05,5.0956590712303296e-05,0.1683722882231405,0.18038965650826447,0.651238055268595
CT-1__patient715__24.png,0.010427236557006836,0.010486518032848835,5.9281475841999054e-05,0.019664151594042778,0.01974434033036232,8.018873631954193e-05,5.9280548157403246e-05,0.17263365185950413,0.18678977272727273,0.6405765754132231
CT-1__patient723__15.png,0.009776385501027107,0.009840602986514568,6.421748548746109e-05,0.01854422129690647,0.018625836819410324,8.161552250385284e-05,6.421795842470601e-05,0.16378809400826447,0.17579739152892562,0.66041451446281
CT-1__patient723__23.png,0.00906568393111229,0.009102081879973412,3.639794886112213e-05,0.017733775079250336,0.017812352627515793,7.857754826545715e-05,3.639756323536858e-05,0.16042258522727273,0.16890495867768596,0.6706724560950413
CT-1__patient728__24.png,0.013193673454225063,0.013202027417719364,8.353963494300842e-06,0.022884245961904526,0.022908633574843407,2.438761293888092e-05,8.355616955668665e-06,0.17848495609504134,0.18103531766528927,0.6404797262396694
CT-1__patient728__26.png,0.011935615912079811,0.011964956298470497,2.9340386390686035e-05,0.02132347784936428,0.021410305052995682,8.682720363140106e-05,2.9339600587263703e-05,0.1732551007231405,0.17892077737603307,0.6478241219008265
CT-1__patient729__12.png,0.009303376078605652,0.009407693520188332,0.00010431744158267975,0.01763266697525978,0.01781090348958969,0.00017823651432991028,0.00010431859118398279,0.15776730371900827,0.17371513429752067,0.6685175619834711
CT-1__patient729__20.png,0.009578668512403965,0.009676782414317131,9.811390191316605e-05,0.01778377592563629,0.017940549179911613,0.00015677325427532196,9.81151606538333e-05,0.16279538997933884,0.18161641270661158,0.6555881973140496
CT-1__patient730__20.png,0.009483623318374157,0.009507550857961178,2.3927539587020874e-05,0.01875997707247734,0.018824202939867973,6.422586739063263e-05,2.3927443180582486e-05,0.1586228047520661,0.1648776472107438,0.67649954803719
CT-1__patient730__22.png,0.009250171482563019,0.009289798326790333,3.9626844227313995e-05,0.018590746447443962,0.018685821443796158,9.507499635219574e-05,3.9625869248993695e-05,0.15016464359504134,0.1571458548553719,0.6926895015495868
CT-1__patient732__17.png,0.01069452241063118,0.010778362862765789,8.384045213460922e-05,0.01986965537071228,0.020000101998448372,0.00013044662773609161,8.38410051073879e-05,0.1643046229338843,0.18118059142561985,0.6545147856404959
CT-1__patient732__19.png,0.010458918288350105,0.01052551157772541,6.659328937530518e-05,0.019447961822152138,0.01955380290746689,0.00010584108531475067,6.659172504441813e-05,0.1660882618801653,0.17963907541322313,0.6542726627066116
CT-1__patient739__20.png,0.008652523159980774,0.008688826113939285,3.630295395851135e-05,0.01708718203008175,0.017183862626552582,9.668059647083282e-05,3.630261562648229e-05,0.16277117768595042,0.16863055268595042,0.6685982696280992
CT-1__patient739__26.png,0.009111955761909485,0.00919000431895256,7.804855704307556e-05,0.017956525087356567,0.01812942884862423,0.00017290376126766205,7.80490372562781e-05,0.16044679752066116,0.1708258006198347,0.6687274018595041
CT-1__patient745__19.png,0.010159256868064404,0.01020939089357853,5.0134025514125824e-05,0.019650129601359367,0.019649377092719078,-7.525086402893066e-07,5.0133687182096764e-05,0.16598334194214875,0.17955836776859505,0.6544582902892562
CT-1__patient745__23.png,0.010361278429627419,0.010430528782308102,6.925035268068314e-05,0.019847126677632332,0.019924096763134003,7.697008550167084e-05,6.925030902493745e-05,0.1657654313016529,0.18218136621900827,0.6520532024793388
CT-1__patient751__18.png,0.00910173263400793,0.009200165048241615,9.843241423368454e-05,0.01767069473862648,0.017825625836849213,0.00015493109822273254,9.843165753409266e-05,0.15509588068181818,0.17079351756198347,0.6741106017561983
CT-1__patient751__24.png,0.008588623255491257,0.008670596405863762,8.197315037250519e-05,0.017505833879113197,0.01767255738377571,0.00016672350466251373,8.197364513762295e-05,0.14780798037190082,0.1616170583677686,0.6905749612603306
CT-1__patient752__20.png,0.010877426713705063,0.010930124670267105,5.2697956562042236e-05,0.020085765048861504,0.020208070054650307,0.0001223050057888031,5.2697345381602645e-05,0.16905830320247933,0.1790418388429752,0.6518998579545454
CT-1__patient752__24.png,0.01061916258186102,0.010607073083519936,-1.2089498341083527e-05,0.020033320412039757,0.02004207856953144,8.75815749168396e-06,-1.2090318705304526e-05,0.1657654313016529,0.16792839617768596,0.6663061725206612
CT-1__patient755__21.png,0.00978961680084467,0.009824429638683796,3.481283783912659e-05,0.01862591877579689,0.01868278719484806,5.686841905117035e-05,3.4815053368220106e-05,0.1582676911157025,0.1674764333677686,0.6742558755165289
CT-1__patient755__25.png,0.009940206073224545,0.010002082213759422,6.187614053487778e-05,0.01875796541571617,0.01889777183532715,0.00013980641961097717,6.187585677253082e-05,0.15563662190082644,0.1665079416322314,0.6778554364669421
CT-1__patient763__16.png,0.009837914258241653,0.009883426129817963,4.5511871576309204e-05,0.019519174471497536,0.0196109339594841,9.175948798656464e-05,4.551277743303217e-05,0.1569037319214876,0.16661286157024793,0.6764834065082644
CT-1__patient763__20.png,0.009333822876214981,0.00934610515832901,1.228228211402893e-05,0.018663596361875534,0.018641509115695953,-2.208724617958069e-05,1.2280220289540011e-05,0.15248095299586778,0.15800135588842976,0.6895176911157025
CT-1__patient764__20.png,0.010794632136821747,0.01081865280866623,2.4020671844482422e-05,0.01953769475221634,0.019649812951683998,0.000112118199467659,2.4022390789468773e-05,0.17370706353305784,0.17812177169421486,0.6481711647727273
CT-1__patient764__22.png,0.010125929489731789,0.010175683535635471,4.975404590368271e-05,0.01859309896826744,0.01871415041387081,0.00012105144560337067,4.97538858326152e-05,0.1688646048553719,0.177564888946281,0.6535705061983471
CT-1__patient767__16.png,0.009082142263650894,0.009176458232104778,9.431596845388412e-05,0.018375294283032417,0.018490174785256386,0.0001148805022239685,9.431715443497524e-05,0.15749289772727273,0.17517594266528927,0.667331159607438
CT-1__patient767__20.png,0.009106987155973911,0.009228113107383251,0.0001211259514093399,0.01836881786584854,0.018496589735150337,0.00012777186930179596,0.00012112475087633356,0.15532186208677687,0.1820360924586777,0.6626420454545454
CT-1__patient799__18.png,0.009067804552614689,0.009152436628937721,8.463207632303238e-05,0.017631029710173607,0.017755176872015,0.00012414716184139252,8.463225094601512e-05,0.16778312241735538,0.18166483729338842,0.6505520402892562
CT-1__patient799__24.png,0.009813797660171986,0.009898807853460312,8.501019328832626e-05,0.018192416056990623,0.018265802413225174,7.338635623455048e-05,8.501204865751788e-05,0.17544227789256198,0.19233438791322313,0.6322233341942148
CT-1__patient800__17.png,0.011356452479958534,0.011399687267839909,4.323478788137436e-05,0.020560089498758316,0.020621435716748238,6.134621798992157e-05,4.323397661210038e-05,0.1651278409090909,0.17401375258264462,0.6608584065082644
CT-1__patient800__21.png,0.011023619212210178,0.011075714603066444,5.209539085626602e-05,0.01982460916042328,0.01987939141690731,5.478225648403168e-05,5.209598384681158e-05,0.16880810950413222,0.1802443827479339,0.6509475077479339
CT-1__patient801__19.png,0.010225404053926468,0.010273735038936138,4.833098500967026e-05,0.01925738714635372,0.01931437849998474,5.699135363101959e-05,4.8329638957511634e-05,0.1585340263429752,0.16591070506198347,0.6755552685950413
CT-1__patient801__23.png,0.009500965476036072,0.009524039924144745,2.3074448108673096e-05,0.018475759774446487,0.01849179156124592,1.6031786799430847e-05,2.307289105374366e-05,0.1571377840909091,0.16436111828512398,0.6785010976239669
CT-1__patient802__22.png,0.00884951464831829,0.008875688537955284,2.6173889636993408e-05,0.0172982569783926,0.017354123294353485,5.5866315960884094e-05,2.6174597223871388e-05,0.1569682980371901,0.1642239152892562,0.6788077866735537
CT-1__patient802__30.png,0.009839148260653019,0.009865260683000088,2.6112422347068787e-05,0.018369130790233612,0.018406901508569717,3.777071833610535e-05,2.6111292754649185e-05,0.1731743930785124,0.17783929493801653,0.6489863119834711
CT-1__patient807__16.png,0.010003284551203251,0.010062692686915398,5.940813571214676e-05,0.01867304928600788,0.01874471642076969,7.16671347618103e-05,5.940715709584765e-05,0.17172165547520662,0.18486086002066116,0.6434174845041323
CT-1__patient807__24.png,0.010244078934192657,0.010296744294464588,5.2665360271930695e-05,0.019017621874809265,0.019114982336759567,9.736046195030212e-05,5.2665698603959754e-05,0.1718669292355372,0.1826817536157025,0.6454513171487604
CT-1__patient813__17.png,0.011713497340679169,0.011772427707910538,5.893036723136902e-05,0.02193029224872589,0.02205556444823742,0.00012527219951152802,5.893240086152218e-05,0.16177040289256198,0.17306947314049587,0.6651601239669421
CT-1__patient813__21.png,0.010966143570840359,0.011032766662538052,6.662309169769287e-05,0.020697128027677536,0.020841695368289948,0.0001445673406124115,6.662336818408221e-05,0.1680655991735537,0.17620900051652894,0.6557254003099173
CT-1__patient814__21.png,0.009404625743627548,0.009450705721974373,4.6079978346824646e-05,0.01845199055969715,0.018522609025239944,7.061846554279327e-05,4.6082470362307504e-05,0.16110052944214875,0.16955869059917356,0.6693407799586777
CT-1__patient814__27.png,0.008827834390103817,0.008893760852515697,6.592646241188049e-05,0.018000366166234016,0.018105924129486084,0.00010555796325206757,6.592705176444724e-05,0.15017271435950413,0.16443375516528927,0.6853935304752066
CT-1__patient822__21.png,0.011027764528989792,0.011106986552476883,7.922202348709106e-05,0.020846925675868988,0.020969269797205925,0.00012234412133693695,7.922008808236569e-05,0.17420745092975207,0.1867655604338843,0.6390269886363636
CT-1__patient822__23.png,0.010386123321950436,0.010427460074424744,4.1336752474308014e-05,0.019841980189085007,0.019907966256141663,6.598606705665588e-05,4.133496986469254e-05,0.1734084452479339,0.1809868930785124,0.6456046616735537
CT-1__patient832__21.png,0.012182106263935566,0.012249616906046867,6.751064211130142e-05,0.021716056391596794,0.021838460117578506,0.00012240372598171234,6.750956526957452e-05,0.1704787577479339,0.18242348915289255,0.6470977530991735
CT-1__patient832__23.png,0.011882506310939789,0.011947927996516228,6.54216855764389e-05,0.02137325517833233,0.021479180082678795,0.00010592490434646606,6.542065239045769e-05,0.1719476368801653,0.18209258780991736,0.6459597753099173
CT-1__patient836__18.png,0.01022135280072689,0.010302409529685974,8.105672895908356e-05,0.019515609368681908,0.019599834457039833,8.422508835792542e-05,8.105579763650894e-05,0.16457902892561985,0.17909833419421486,0.6563226368801653
CT-1__patient836__22.png,0.009587879292666912,0.009609462693333626,2.1583400666713715e-05,0.018877824768424034,0.018936144188046455,5.8319419622421265e-05,2.158533789042849e-05,0.1626743285123967,0.1659510588842975,0.6713746126033058
CT-1__patient843__19.png,0.01011152844876051,0.01018277183175087,7.124338299036026e-05,0.019122222438454628,0.019200684502720833,7.846206426620483e-05,7.12442779331468e-05,0.16567665289256198,0.18002647210743802,0.654296875
CT-1__patient843__23.png,0.01034630835056305,0.010390207171440125,4.3898820877075195e-05,0.019565675407648087,0.01966128498315811,9.560957551002502e-05,4.389862442621961e-05,0.16921164772727273,0.17572475464876033,0.6550635976239669
CT-1__patient847__16.png,0.009381708689033985,0.009463366121053696,8.165743201971054e-05,0.018128247931599617,0.018254464492201805,0.0001262165606021881,8.165714098140597e-05,0.15314275568181818,0.16759749483471073,0.6792597494834711
CT-1__patient847__20.png,0.009666750207543373,0.009771606884896755,0.00010485667735338211,0.01831834949553013,0.018514275550842285,0.00019592605531215668,0.00010485664097359404,0.1610359633264463,0.17840424845041322,0.6605597882231405
CT-1__patient849__16.png,0.00908647757023573,0.009143195115029812,5.671754479408264e-05,0.01764044538140297,0.01771271415054798,7.22687691450119e-05,5.6716889957897365e-05,0.16289223915289255,0.17288384555785125,0.6642239152892562
CT-1__patient849__22.png,0.00967684667557478,0.009730682708323002,5.383603274822235e-05,0.018183017149567604,0.018296563997864723,0.00011354684829711914,5.3836753068026155e-05,0.168138236053719,0.17609600981404958,0.6557657541322314
CT-1__patient850__13.png,0.00994390994310379,0.010006513446569443,6.260350346565247e-05,0.018733788281679153,0.018860073760151863,0.00012628547847270966,6.260380177991465e-05,0.16408671229338842,0.17361021435950413,0.6623030733471075
CT-1__patient850__15.png,0.009681688621640205,0.009725934825837612,4.424620419740677e-05,0.018251493573188782,0.018322499468922615,7.100589573383331e-05,4.4246782636037096e-05,0.15980113636363635,0.16897759555785125,0.6712212680785123
CT-1__patient860__24.png,0.00878152996301651,0.008884456939995289,0.00010292697697877884,0.017757829278707504,0.017891626805067062,0.0001337975263595581,0.00010292598744854331,0.14929300103305784,0.1680655991735537,0.6826413997933884
CT-1__patient860__26.png,0.008883664384484291,0.008935696445405483,5.203206092119217e-05,0.018032599240541458,0.018115343526005745,8.27442854642868e-05,5.203270120546222e-05,0.15285220816115702,0.1611247417355372,0.6860230501033058
CT-1__patient863__19.png,0.01005462184548378,0.010157831013202667,0.00010320916771888733,0.01938638649880886,0.019567348062992096,0.00018096156418323517,0.00010321084118913859,0.16558787448347106,0.18379551911157024,0.6506166064049587
CT-1__patient863__27.png,0.00997837632894516,0.010070542804896832,9.21664759516716e-05,0.019298171624541283,0.0194717887789011,0.0001736171543598175,9.216496982844546e-05,0.16050329287190082,0.17523243801652894,0.6642642691115702
CT-1__patient866__16.png,0.009735051542520523,0.009760687127709389,2.563558518886566e-05,0.018668577075004578,0.018723785877227783,5.5208802223205566e-05,2.5636541977291927e-05,0.16703254132231404,0.17264172262396693,0.660325736053719
CT-1__patient866__18.png,0.009755401872098446,0.009825633838772774,7.023196667432785e-05,0.018688641488552094,0.018811536952853203,0.00012289546430110931,7.023147190921009e-05,0.1608745480371901,0.1720364152892562,0.6670890366735537
CT-1__patient870__18.png,0.010069022886455059,0.010127227753400803,5.820486694574356e-05,0.019381320104002953,0.01940532959997654,2.4009495973587036e-05,5.820445585413836e-05,0.16557980371900827,0.177564888946281,0.6568553073347108
CT-1__patient870__26.png,0.009908461011946201,0.009977616369724274,6.915535777807236e-05,0.019308114424347878,0.01942307874560356,0.0001149643212556839,6.915535777807236e-05,0.15707321797520662,0.16874354338842976,0.6741832386363636
CT-1__patient878__15.png,0.010633690282702446,0.010661384090781212,2.769380807876587e-05,0.019232794642448425,0.01931285485625267,8.0060213804245e-05,2.7693795345840044e-05,0.16457095816115702,0.16889688791322313,0.6665321539256198
CT-1__patient878__17.png,0.010790453292429447,0.010784409008920193,-6.0442835092544556e-06,0.019595686346292496,0.019628552719950676,3.286637365818024e-05,-6.045161626389017e-06,0.162278861053719,0.16288416838842976,0.6748369705578512
CT-1__patient880__18.png,0.010187044739723206,0.010281932540237904,9.488780051469803e-05,0.019145624712109566,0.01933782920241356,0.00019220449030399323,9.48868619161658e-05,0.16588649276859505,0.17925167871900827,0.6548618285123967
CT-1__patient880__20.png,0.009375285357236862,0.009495587088167667,0.0001203017309308052,0.018003756180405617,0.018223324790596962,0.00021956861019134521,0.00012030186189804226,0.15687951962809918,0.1761121513429752,0.6670083290289256
CT-1__patient883__18.png,0.008475599810481071,0.008534785360097885,5.918554961681366e-05,0.016963481903076172,0.017034810036420822,7.132813334465027e-05,5.9185604186495766e-05,0.16358632489669422,0.1762654958677686,0.6601481792355371
CT-1__patient883__22.png,0.008543489500880241,0.008610650897026062,6.716139614582062e-05,0.017259089276194572,0.01731884852051735,5.9759244322776794e-05,6.716141797369346e-05,0.1579448605371901,0.17230275051652894,0.669752388946281
CT-1__patient893__27.png,0.00783050898462534,0.007879218086600304,4.870910197496414e-05,0.016293823719024658,0.01632535085082054,3.152713179588318e-05,4.870943303103559e-05,0.15378841683884298,0.1670002582644628,0.6792113248966942
CT-1__patient893__29.png,0.007829907350242138,0.007909031584858894,7.912423461675644e-05,0.01583239622414112,0.015916844829916954,8.444860577583313e-05,7.91251368355006e-05,0.1495028409090909,0.1695021952479339,0.6809949638429752
CT-1__patient899__21.png,0.009603196755051613,0.009675927460193634,7.273070514202118e-05,0.018749428912997246,0.018870148807764053,0.00012071989476680756,7.273184019140899e-05,0.15377227530991736,0.1667419938016529,0.6794857308884298
CT-1__patient899__25.png,0.009456910192966461,0.009562557563185692,0.00010564737021923065,0.018807314336299896,0.018935179337859154,0.0001278650015592575,0.00010564787953626364,0.14386944731404958,0.1636428202479339,0.6924877324380165
CT-1__patient913__23.png,0.00858514104038477,0.008719273842871189,0.00013413280248641968,0.017201779410243034,0.017373429611325264,0.00017165020108222961,0.0001341329189017415,0.1536431430785124,0.1816486957644628,0.6647081611570248
CT-1__patient913__29.png,0.008417743258178234,0.008506744168698788,8.900091052055359e-05,0.017216995358467102,0.01734311506152153,0.0001261197030544281,8.899996464606375e-05,0.1519482825413223,0.16964746900826447,0.6784042484504132
CT-1__patient918__19.png,0.009368197061121464,0.009436243213713169,6.804615259170532e-05,0.018035253509879112,0.018120452761650085,8.51992517709732e-05,6.8047629611101e-05,0.16394950929752067,0.17706450154958678,0.6589859891528925
CT-1__patient918__23.png,0.009142625145614147,0.009188992902636528,4.636775702238083e-05,0.017542388290166855,0.017654361203312874,0.00011197291314601898,4.636732774088159e-05,0.16508748708677687,0.17340037448347106,0.6615121384297521
CT-1__patient919__18.png,0.009709414094686508,0.00976480171084404,5.538761615753174e-05,0.018248949199914932,0.01832236349582672,7.341429591178894e-05,5.53875979676377e-05,0.16784768853305784,0.17892884814049587,0.6532234633264463
CT-1__patient919__24.png,0.009508340619504452,0.009582433849573135,7.409323006868362e-05,0.018284562975168228,0.01837017573416233,8.561275899410248e-05,7.409277895931154e-05,0.15984956095041322,0.17560369318181818,0.6645467458677686
CT-1__patient931__24.png,0.009473240934312344,0.009541953913867474,6.871297955513e-05,0.018442120403051376,0.01859385333955288,0.000151732936501503,6.871228106319904e-05,0.16176233212809918,0.17436886621900827,0.6638688016528925
CT-1__patient931__32.png,0.009391995146870613,0.00946703739464283,7.50422477722168e-05,0.01835712045431137,0.018486183136701584,0.000129062682390213,7.504229142796248e-05,0.15700058109504134,0.1695021952479339,0.6734972236570248
CT-1__patient932__24.png,0.009051820263266563,0.009120690636336803,6.887037307024002e-05,0.018060607835650444,0.018158869817852974,9.826198220252991e-05,6.887052586534992e-05,0.15801749741735538,0.17018821022727273,0.6717942923553719
CT-1__patient932__32.png,0.009051061235368252,0.00914718210697174,9.612087160348892e-05,0.017995348200201988,0.018164219334721565,0.00016887113451957703,9.612121357349679e-05,0.15248902376033058,0.17355371900826447,0.673957257231405
CT-2__patient1003__18.png,0.010500379838049412,0.01055064145475626,5.0261616706848145e-05,0.019034773111343384,0.01912739872932434,9.262561798095703e-05,5.026028156862594e-05,0.1650471332644628,0.1744818569214876,0.6604710098140496
CT-2__patient1003__22.png,0.010127700865268707,0.010185051709413528,5.735084414482117e-05,0.01889772154390812,0.018995558843016624,9.783729910850525e-05,5.734989827033132e-05,0.16636266787190082,0.17742768595041322,0.656209646177686
CT-2__patient1013__14.png,0.010030568577349186,0.010068198665976524,3.763008862733841e-05,0.019724203273653984,0.01977398805320263,4.978477954864502e-05,3.7631933082593605e-05,0.1607292742768595,0.17120512654958678,0.6680655991735537
CT-2__patient1013__22.png,0.00851668231189251,0.008564631454646587,4.794914275407791e-05,0.017679506912827492,0.01774393953382969,6.443262100219727e-05,4.7949826694093645e-05,0.1469040547520661,0.15863894628099173,0.6944569989669421
CT-2__patient1023__34.png,0.010574568063020706,0.010617739520967007,4.3171457946300507e-05,0.01980629563331604,0.01986592449247837,5.962885916233063e-05,4.317066486692056e-05,0.16052750516528927,0.169752388946281,0.6697201058884298
CT-2__patient1023__36.png,0.0105232959613204,0.010552856139838696,2.9560178518295288e-05,0.019743453711271286,0.019789455458521843,4.6001747250556946e-05,2.9561151677626185e-05,0.1644741089876033,0.1708015883264463,0.6647243026859504
CT-2__patient1024__20.png,0.009534801356494427,0.009571767412126064,3.696605563163757e-05,0.018815770745277405,0.018828485161066055,1.2714415788650513e-05,3.696725980262272e-05,0.15995448088842976,0.16963939824380164,0.6704061208677686
CT-2__patient1024__24.png,0.008973581716418266,0.00904653500765562,7.295329123735428e-05,0.017832687124609947,0.01794235222041607,0.00010966509580612183,7.295338582480326e-05,0.15158509814049587,0.16654829545454544,0.6818666064049587
CT-2__patient1038__20.png,0.009772967547178268,0.00979607179760933,2.310425043106079e-05,0.019166259095072746,0.0192039106041193,3.7651509046554565e-05,2.3104536012397148e-05,0.1655959452479339,0.1701720686983471,0.664231986053719
CT-2__patient1038__24.png,0.010424865409731865,0.010463602840900421,3.873743116855621e-05,0.019710175693035126,0.019772864878177643,6.268918514251709e-05,3.873967216350138e-05,0.16562822830578514,0.1740783186983471,0.6602934529958677
CT-2__patient1045__16.png,0.009768788702785969,0.009779584594070911,1.0795891284942627e-05,0.019203782081604004,0.019217513501644135,1.3731420040130615e-05,1.0792672583193053e-05,0.1576301007231405,0.160963326446281,0.6814065728305785
CT-2__patient1045__24.png,0.010354853235185146,0.010383876971900463,2.9023736715316772e-05,0.01937081664800644,0.019442643970251083,7.182732224464417e-05,2.902310006902553e-05,0.15951865960743802,0.16465166580578514,0.6758296745867769
CT-2__patient1046__17.png,0.009867822751402855,0.009876811876893044,8.989125490188599e-06,0.019681308418512344,0.019723592326045036,4.2283907532691956e-05,8.988625268102624e-06,0.1511331353305785,0.15256973140495866,0.6962971332644629
CT-2__patient1046__25.png,0.009061348624527454,0.00905922707170248,-2.12155282497406e-06,0.018516192212700844,0.01853073388338089,1.4541670680046082e-05,-2.120549424944329e-06,0.1529894111570248,0.15558012654958678,0.6914304622933884
CT-2__patient1049__27.png,0.009194404818117619,0.009296033531427383,0.00010162871330976486,0.018952254205942154,0.019101431593298912,0.00014917738735675812,0.00010162833495996892,0.15140754132231404,0.16930042613636365,0.6792920325413223
CT-2__patient1049__29.png,0.00938908290117979,0.009447446092963219,5.836319178342819e-05,0.019030051305890083,0.019092943519353867,6.289221346378326e-05,5.836270793224685e-05,0.1508103047520661,0.16476465650826447,0.6844250387396694
CT-2__patient1050__23.png,0.010058450512588024,0.010130137205123901,7.168669253587723e-05,0.01961965672671795,0.01972831040620804,0.00010865367949008942,7.168737647589296e-05,0.16049522210743802,0.17457870609504134,0.6649260717975206
CT-2__patient1050__27.png,0.009809301234781742,0.009854719042778015,4.541780799627304e-05,0.019399013370275497,0.01950535550713539,0.0001063421368598938,4.541783346212469e-05,0.15758974690082644,0.16646758780991736,0.6759426652892562
CT-2__patient1055__24.png,0.012380268424749374,0.012442206963896751,6.193853914737701e-05,0.0221389289945364,0.022236417979002,9.748898446559906e-05,6.19391503278166e-05,0.17808948863636365,0.18875903925619836,0.633151472107438
CT-2__patient1055__26.png,0.011696308851242065,0.011734100058674812,3.779120743274689e-05,0.021483300253748894,0.021556133404374123,7.283315062522888e-05,3.7790159694850445e-05,0.16652408316115702,0.17337616219008264,0.6600997546487604
CT-2__patient1061__19.png,0.00966760516166687,0.009712135419249535,4.453025758266449e-05,0.017868440598249435,0.017917217686772346,4.877708852291107e-05,4.453161818673834e-05,0.15867930010330578,0.16933270919421486,0.6719879907024794
CT-2__patient1061__25.png,0.009394905529916286,0.009466184303164482,7.127877324819565e-05,0.018004057928919792,0.018099471926689148,9.541399776935577e-05,7.127593562472612e-05,0.15669389204545456,0.17116477272727273,0.6721413352272727
CT-2__patient942__15.png,0.009309990331530571,0.00940063688904047,9.064655750989914e-05,0.018472883850336075,0.018646912649273872,0.00017402879893779755,9.06457644305192e-05,0.1524325284090909,0.1643126936983471,0.683254777892562
CT-2__patient942__19.png,0.009869151748716831,0.009875197894871235,6.0461461544036865e-06,0.019737958908081055,0.019750090315937996,1.2131407856941223e-05,6.045160262146965e-06,0.1598334194214876,0.16245641787190082,0.6777101627066116
CT-2__patient946__16.png,0.010189197026193142,0.010265759192407131,7.656216621398926e-05,0.018958333879709244,0.019080936908721924,0.00012260302901268005,7.656149682588875e-05,0.16844492510330578,0.18340005165289255,0.6481550232438017
CT-2__patient946__18.png,0.009934920817613602,0.010019299574196339,8.437875658273697e-05,0.018357207998633385,0.01847112737596035,0.00011391937732696533,8.437904762104154e-05,0.16883232179752067,0.18428783574380164,0.6468798424586777
CT-2__patient947__15.png,0.010942721739411354,0.010992760770022869,5.0039030611515045e-05,0.02054552547633648,0.020598698407411575,5.317293107509613e-05,5.003873593523167e-05,0.1598979855371901,0.16899373708677687,0.6711082773760331
CT-2__patient947__19.png,0.01093645766377449,0.010967345908284187,3.088824450969696e-05,0.02059728465974331,0.02066115103662014,6.386637687683105e-05,3.089044912485406e-05,0.16344912190082644,0.16775891012396693,0.6687919679752066
CT-2__patient951__16.png,0.011144079267978668,0.011225705966353416,8.162669837474823e-05,0.02004164271056652,0.02023496851325035,0.00019332580268383026,8.162549056578428e-05,0.17157638171487602,0.18371481146694216,0.6447088068181818
CT-2__patient951__18.png,0.010089848190546036,0.010142356157302856,5.250796675682068e-05,0.019047830253839493,0.019157933071255684,0.0001101028174161911,5.250745016383007e-05,0.16532153925619836,0.1729322701446281,0.6617461905991735
CT-2__patient952__15.png,0.010674234479665756,0.010718037374317646,4.38028946518898e-05,0.020116379484534264,0.020182793959975243,6.6414475440979e-05,4.380368045531213e-05,0.16896145402892562,0.17714520919421486,0.6538933367768595
CT-2__patient952__21.png,0.0095969932153821,0.009651211090385914,5.42178750038147e-05,0.018612779676914215,0.01870875433087349,9.597465395927429e-05,5.421653622761369e-05,0.16090683109504134,0.169921875,0.6691712939049587
CT-2__patient956__22.png,0.010768109001219273,0.010763803496956825,-4.305504262447357e-06,0.01988019235432148,0.0198504775762558,-2.9714778065681458e-05,-4.304412414057879e-06,0.18006682592975207,0.18225400309917356,0.6376791709710744
CT-2__patient956__24.png,0.009572053328156471,0.00960544403642416,3.339070826768875e-05,0.01826651580631733,0.01829618029296398,2.966448664665222e-05,3.339081376907416e-05,0.1664272339876033,0.17283542097107438,0.6607373450413223
CT-2__patient964__14.png,0.010024048388004303,0.010056995786726475,3.2947398722171783e-05,0.0188363678753376,0.01888100430369377,4.4636428356170654e-05,3.2947707950370386e-05,0.1669114798553719,0.17665289256198347,0.6564356275826446
CT-2__patient964__16.png,0.010358335450291634,0.010401190258562565,4.2854808270931244e-05,0.0193697027862072,0.019411111250519753,4.1408464312553406e-05,4.285417890059762e-05,0.16880003873966942,0.17848495609504134,0.6527150051652892
CT-2__patient965__23.png,0.009463968686759472,0.009507614187896252,4.3645501136779785e-05,0.01873304694890976,0.01876993104815483,3.688409924507141e-05,4.3645424739224836e-05,0.15293291580578514,0.16343298037190082,0.683634103822314
CT-2__patient965__25.png,0.009464981034398079,0.009512487798929214,4.750676453113556e-05,0.018607400357723236,0.01870901696383953,0.00010161660611629486,4.75067354273051e-05,0.15172230113636365,0.1610521048553719,0.6872255940082644
CT-2__patient975__19.png,0.009494289755821228,0.009588225744664669,9.393598884344101e-05,0.018574252724647522,0.018721088767051697,0.0001468360424041748,9.393734944751486e-05,0.1617058367768595,0.17759717200413222,0.6606969912190083
CT-2__patient975__21.png,0.009539801627397537,0.009622186422348022,8.238479495048523e-05,0.01841534487903118,0.018532076850533485,0.00011673197150230408,8.23850859887898e-05,0.16152020919421486,0.1755229855371901,0.662956805268595
CT-2__patient980__21.png,0.010116782039403915,0.010171854868531227,5.5072829127311707e-05,0.019073374569416046,0.019206110388040543,0.00013273581862449646,5.5071104725357145e-05,0.17151988636363635,0.1801071797520661,0.6483729338842975
CT-2__patient980__23.png,0.009506125003099442,0.009603703394532204,9.757839143276215e-05,0.018417270854115486,0.0185642559081316,0.00014698505401611328,9.757709631230682e-05,0.16467587809917356,0.18018788739669422,0.6551362345041323
CT-2__patient992__18.png,0.011097428388893604,0.0111562330275774,5.880463868379593e-05,0.020403331145644188,0.0205271914601326,0.00012386031448841095,5.880581011297181e-05,0.15671810433884298,0.1656120867768595,0.6776698088842975
CT-2__patient992__22.png,0.010727375745773315,0.010809095576405525,8.171983063220978e-05,0.01960154063999653,0.019726799800992012,0.0001252591609954834,8.172044908860698e-05,0.16404635847107438,0.17614443440082644,0.6598092071280992
CT-2__patient998__19.png,0.010068041272461414,0.01013276632875204,6.472505629062653e-05,0.018917562440037727,0.01901060715317726,9.3044713139534e-05,6.472437962656841e-05,0.16340069731404958,0.1787109375,0.6578883651859504
CT-2__patient998__25.png,0.009727328084409237,0.009809649549424648,8.232146501541138e-05,0.018937768414616585,0.019056225195527077,0.00011845678091049194,8.23217851575464e-05,0.15477305010330578,0.16850949121900827,0.676717458677686
CT-2__patient999__15.png,0.010959717445075512,0.011029095388948917,6.937794387340546e-05,0.02034200355410576,0.020426565781235695,8.456222712993622e-05,6.937691068742424e-05,0.16750871642561985,0.1826091167355372,0.6498821668388429
CT-2__patient999__21.png,0.011334264650940895,0.01141427643597126,8.001178503036499e-05,0.020364968106150627,0.020515045151114464,0.00015007704496383667,8.001134847290814e-05,0.16953447830578514,0.18264139979338842,0.6478241219008265
CT-3__patient1070__20.png,0.009338981471955776,0.009395699016749859,5.671754479408264e-05,0.018304556608200073,0.01841939054429531,0.00011483393609523773,5.6716889957897365e-05,0.1617139075413223,0.17093072055785125,0.6673553719008265
CT-3__patient1070__22.png,0.00875997543334961,0.008846824988722801,8.684955537319183e-05,0.017736705020070076,0.017868291586637497,0.00013158656656742096,8.684775093570352e-05,0.15410317665289255,0.16938113378099173,0.6765156895661157
CT-3__patient1072__16.png,0.0124360341578722,0.012510603293776512,7.456913590431213e-05,0.02148841693997383,0.021606214344501495,0.00011779740452766418,7.456754246959463e-05,0.17628970816115702,0.18678977272727273,0.6369205191115702
CT-3__patient1072__18.png,0.011853167787194252,0.011913048103451729,5.988031625747681e-05,0.020940691232681274,0.021031953394412994,9.126216173171997e-05,5.9881906054215506e-05,0.17078544679752067,0.182786673553719,0.6464278796487604
CT-3__patient1075__20.png,0.009399243630468845,0.00946688000112772,6.763637065887451e-05,0.01841144636273384,0.018470026552677155,5.85801899433136e-05,6.76361596561037e-05,0.15904248450413222,0.17270628873966942,0.6682512267561983
CT-3__patient1075__22.png,0.009310022927820683,0.009353067725896835,4.30447980761528e-05,0.01811661571264267,0.01817234419286251,5.5728480219841003e-05,4.3044077756349e-05,0.16159284607438015,0.1709952866735537,0.6674118672520661
CT-3__patient1077__16.png,0.012288451194763184,0.012307408265769482,1.8957071006298065e-05,0.022018974646925926,0.022063715383410454,4.474073648452759e-05,1.8958387954626232e-05,0.17158445247933884,0.17498224431818182,0.6534333032024794
CT-3__patient1077__20.png,0.010710124857723713,0.010816343128681183,0.00010621827095746994,0.01985635608434677,0.02002863399684429,0.00017227791249752045,0.00010621758701745421,0.15466813016528927,0.17315018078512398,0.6721816890495868
CT-3__patient1084__19.png,0.011005260981619358,0.0110622001811862,5.6939199566841125e-05,0.02065097913146019,0.02071562223136425,6.464309990406036e-05,5.693844650522806e-05,0.1761928589876033,0.18906572830578514,0.6347414127066116
CT-3__patient1084__27.png,0.010848499834537506,0.010906767100095749,5.82672655582428e-05,0.020324653014540672,0.020425189286470413,0.0001005362719297409,5.8267767599318177e-05,0.1731017561983471,0.18298037190082644,0.6439178719008265
CT-3__patient1098__13.png,0.010108268819749355,0.010145424865186214,3.715604543685913e-05,0.019063478335738182,0.019105399027466774,4.192069172859192e-05,3.715716229635291e-05,0.17712099690082644,0.18607954545454544,0.6367994576446281
CT-3__patient1098__19.png,0.01035279594361782,0.010382894426584244,3.0098482966423035e-05,0.019300376996397972,0.019388219341635704,8.784234523773193e-05,3.0099199648248032e-05,0.1776617381198347,0.18468330320247933,0.637654958677686
CT-4__patient1110__21.png,0.00931670144200325,0.00932429637759924,7.594935595989227e-06,0.018037548288702965,0.01802860014140606,-8.948147296905518e-06,7.596011073474074e-06,0.1712293388429752,0.1755471978305785,0.6532234633264463
CT-4__patient1110__25.png,0.008786910213530064,0.008861478418111801,7.456820458173752e-05,0.01747395284473896,0.01753886044025421,6.490759551525116e-05,7.456753519363701e-05,0.16038223140495866,0.1750548811983471,0.6645628873966942
